0.795671567517338,0.783916482348004,0.760232932347277,0.744218820498251,0.7324444173866,0.727837179831716,0.723854899177621,0.628413069935723,0.704665501592276,0.700232957745731,0.693628533967837,0.676621426944684,0.658248183184568,0.650116161027262,0.640261740456511,0.629350696310845,0.610633623927481,0.58843168851828,0.571143833672826,0.558940177327312,0.546119644400441,0.522151336393651,0.499595058508697,0.471904134016857,0.441512365972304,0.389242990105335,0.305653635975681,0.227940577830647,0.201930812106805,0.200000172809258,0.200000000000001,0.2,0.2,0.2,0.2,0.2,0.2,0.2,0.2,0.2,0.2,0.2,0.2,0.2,0.2,0.2,0.2,0.2,0.2,0.2,0.2,0.2,0.2,0.2,0.2,0.2,0.2,0.2,0.2,0.2
0.793116071818544,0.785547322163214,0.778153463738462,0.759760048981544,0.727841369402097,0.714293058294901,0.716860233749954,0.713504390871255,0.711556930552505,0.705074787335799,0.696843330625738,0.684837205480871,0.672502336857191,0.660452946984907,0.64939508997881,0.6340365292282,0.616861155361599,0.596821550613008,0.577428472749303,0.559791461669635,0.536294710821993,0.497173535855224,0.474628587607404,0.45219508747982,0.430476364001851,0.390924412336864,0.314737009823231,0.229252745162569,0.200089211233136,0.200000000271932,0.2,0.2,0.2,0.2,0.2,0.2,0.2,0.2,0.2,0.2,0.2,0.2,0.2,0.2,0.2,0.2,0.2,0.2,0.2,0.2,0.2,0.2,0.2,0.2,0.2,0.2,0.2,0.2,0.2,0.2
0.787880424895484,0.778245353188101,0.774333092461992,0.758057024976317,0.73044314953875,0.660707464343659,0.661374028964786,0.661337777262446,0.671463031982133,0.677541379254615,0.684054724630967,0.672481533527366,0.659485969774484,0.646322772897444,0.634277164395929,0.627183456791913,0.614240365820387,0.600482798756713,0.578545688828429,0.560569247112451,0.531958566734341,0.486973982669435,0.45932576192178,0.434534578590329,0.413257988050782,0.368935215271964,0.279997544864923,0.210373727944707,0.200006801730316,0.20000000000137,0.2,0.2,0.2,0.2,0.2,0.2,0.2,0.2,0.2,0.2,0.2,0.2,0.2,0.2,0.2,0.2,0.2,0.2,0.2,0.2,0.2,0.2,0.2,0.2,0.2,0.2,0.2,0.2,0.2,0.2
0.781644598933748,0.754445863775445,0.752566634979601,0.731014359551091,0.710560869515954,0.655575398868675,0.611130176695009,0.438921637297588,0.65650996597349,0.662364027704816,0.668935419513564,0.660400229626373,0.653401529876147,0.645807836089617,0.631912334668563,0.621241703910201,0.610746814009343,0.596531989021169,0.57582290424012,0.55844461929452,0.523451102933742,0.486800000762491,0.449746876363303,0.418166464183756,0.392947565634416,0.356306922122791,0.269211964997491,0.205560970798874,0.200016144264021,0.200000000002112,0.2,0.2,0.2,0.2,0.2,0.2,0.2,0.2,0.2,0.2,0.2,0.2,0.2,0.2,0.2,0.2,0.2,0.2,0.2,0.2,0.2,0.2,0.2,0.2,0.2,0.2,0.2,0.2,0.2,0.2
0.777987514009048,0.743483486354725,0.738329072284438,0.722112122015594,0.705413501704327,0.670458319994054,0.614232842572374,0.475867070861149,0.628108487200134,0.637838001783315,0.6498451045126,0.64504027657772,0.640739935495143,0.636662295574399,0.629171350013883,0.616800294217472,0.604463934092384,0.592452769500952,0.577286320112692,0.559920644053647,0.507622008565395,0.466001470578305,0.428973743276427,0.401967687517411,0.371121287671521,0.341010718287181,0.273934723446808,0.210776391742121,0.200146153119991,0.200000000170257,0.2,0.2,0.2,0.2,0.2,0.2,0.2,0.2,0.2,0.2,0.2,0.2,0.2,0.2,0.2,0.2,0.2,0.2,0.2,0.2,0.2,0.2,0.2,0.2,0.2,0.2,0.2,0.2,0.2,0.2
0.775856583878326,0.754709194593968,0.741330470117229,0.716313923572515,0.702367053017154,0.6912666771139,0.665769565202662,0.609954117487075,0.594966479026386,0.604931102251715,0.611612181529992,0.621766567286827,0.624285361589922,0.624310480292337,0.619790906059289,0.609998175887855,0.60000506013173,0.589531548679308,0.578224817665029,0.566203376426684,0.547123577626932,0.474720201852882,0.431703822267982,0.395324654844922,0.342314808868406,0.307153475183334,0.238248177191423,0.202319121731859,0.200002531961952,0.200000000000025,0.2,0.2,0.2,0.2,0.2,0.2,0.2,0.2,0.2,0.2,0.2,0.2,0.2,0.2,0.2,0.2,0.2,0.2,0.2,0.2,0.2,0.2,0.2,0.2,0.2,0.2,0.2,0.2,0.2,0.2
0.766556432635616,0.75200688716406,0.738214466069187,0.723881726154635,0.715364578089884,0.694067654413695,0.653990139956047,0.635434295076587,0.608570200150983,0.59693348035564,0.585843199284061,0.595541470227346,0.605700884769678,0.60840266884453,0.608866508940328,0.601135888605651,0.591697558429519,0.581819006788398,0.573905027143166,0.564927528545999,0.551048513920469,0.49498671299047,0.442453362184828,0.396674138473615,0.332253041124694,0.275352701616706,0.211456388896445,0.200105011459288,0.200000003135893,0.2,0.2,0.2,0.2,0.2,0.2,0.2,0.2,0.2,0.2,0.2,0.2,0.2,0.2,0.2,0.2,0.2,0.2,0.2,0.2,0.2,0.2,0.2,0.2,0.2,0.2,0.2,0.2,0.2,0.2,0.2
0.756698757324287,0.739608296614304,0.728464280284491,0.707669313658484,0.695975625907784,0.68934292575173,0.671577703747554,0.651637725775249,0.631756203500104,0.605136564350207,0.586806255177133,0.580996772227486,0.589808794390681,0.592350695399881,0.598444830799581,0.591752003289867,0.583414605688715,0.571633566095506,0.56563077248736,0.560167634751579,0.548917216003038,0.525490455822605,0.488938612926351,0.411845131429332,0.333222007454128,0.258999806331776,0.207873961027308,0.200080106684533,0.200000003175716,0.2,0.2,0.2,0.2,0.2,0.2,0.2,0.2,0.2,0.2,0.2,0.2,0.2,0.2,0.2,0.2,0.2,0.2,0.2,0.2,0.2,0.2,0.2,0.2,0.2,0.2,0.2,0.2,0.2,0.2,0.2
0.748060399475719,0.732760801248021,0.72160582226311,0.712646153585654,0.696327247454523,0.687311875986578,0.674693636132627,0.659695962900425,0.632201835381661,0.604511065141444,0.585353481173467,0.573965453308272,0.577613336857223,0.579566289039376,0.585176645057063,0.582592322197725,0.575028514054547,0.560943817181658,0.557912629207287,0.554671667247871,0.546066565350532,0.530215549291645,0.501936026515034,0.433707575987113,0.361444526016287,0.282949514550305,0.223164560402792,0.201063737930358,0.200001612874896,0.200000000003376,0.2,0.2,0.2,0.2,0.2,0.2,0.2,0.2,0.2,0.2,0.2,0.2,0.2,0.2,0.2,0.2,0.2,0.2,0.2,0.2,0.2,0.2,0.2,0.2,0.2,0.2,0.2,0.2,0.2,0.2
0.740665090666433,0.722982835751081,0.712619421114336,0.698567108721496,0.69141214168395,0.673748521747345,0.665640811227954,0.651440154149984,0.630421806380457,0.604566062545103,0.577497833621016,0.560073449272475,0.56730485630291,0.568567127156567,0.574052842334409,0.574005956858544,0.567471857375635,0.547955016776604,0.550528460767276,0.548694427595194,0.542829492075149,0.531740224373432,0.50848990594222,0.463036947096249,0.428846076129,0.377146392667234,0.333940028808817,0.274096785664539,0.240858249778059,0.248422101215222,0.239788167819873,0.214540508489523,0.200001336887545,0.200000000000003,0.2,0.2,0.2,0.2,0.2,0.2,0.2,0.2,0.2,0.2,0.2,0.2,0.2,0.2,0.2,0.2,0.2,0.2,0.2,0.2,0.2,0.2,0.2,0.2,0.2,0.2
0.736406439956132,0.715860403990634,0.686972467924603,0.644403361678516,0.647850160751649,0.62640765513551,0.651654456351949,0.640084071704325,0.62321639521648,0.602736259177513,0.57370268718234,0.544542189157085,0.555128816086368,0.559697337383416,0.563767028522852,0.56409327338621,0.560438971142656,0.538156845518075,0.543903419353337,0.541031260443363,0.536649782346361,0.526571727531922,0.507601414411413,0.472389256215929,0.444980078647314,0.410777050097724,0.377187995974143,0.324894787646237,0.303642672370373,0.297718684562401,0.291781876173602,0.22662384721029,0.206874571643203,0.200000300683026,0.2,0.2,0.2,0.2,0.2,0.200000045800804,0.200000000000193,0.2,0.2,0.2,0.2,0.2,0.2,0.2,0.2,0.2,0.2,0.2,0.2,0.2,0.2,0.2,0.2,0.2,0.2,0.2
0.718533199529269,0.709779172957052,0.696181175127929,0.6687424948826,0.645372556209299,0.625629083812407,0.639044188137856,0.62596327145905,0.610436560806713,0.597315595897645,0.57466551684881,0.545195510850767,0.543553219018314,0.552201620559418,0.554373942493277,0.552936052678176,0.553856727403609,0.522536883257595,0.538308703684849,0.534724455992716,0.529662925004543,0.522042132155607,0.506020907344321,0.477024473402949,0.45114015014701,0.413654391979296,0.382932435500558,0.341696693187263,0.334526490109318,0.319655866905175,0.320986916477017,0.265924930704579,0.22375303350881,0.200001963088282,0.200000000010831,0.20000000295795,0.200000081486292,0.200029930414811,0.204056788355418,0.200148711976663,0.200000253954267,0.200000000001303,0.2,0.2,0.2,0.2,0.2,0.2,0.2,0.2,0.2,0.2,0.2,0.2,0.2,0.2,0.2,0.2,0.2,0.2
0.698671075146798,0.693179551388491,0.687358876189001,0.663418103468687,0.636349937610754,0.627778971678893,0.627560545945538,0.616774929917505,0.604165265248081,0.591196692941636,0.571881224731642,0.546679083747946,0.536425696821028,0.545543265780826,0.546828191779146,0.540027919182535,0.546167543778839,0.515832133464302,0.531782220678106,0.530021397722588,0.524900854037531,0.517764706715661,0.505151593546398,0.478906837461283,0.455772544256123,0.428199791805476,0.399166159933296,0.35654471703872,0.344559842026531,0.341001390953734,0.338169836706102,0.309682233208051,0.247811388690729,0.200010412782664,0.200070539178912,0.20049228432969,0.201507935078554,0.233544477086429,0.227488698508176,0.205590285913337,0.200231824621172,0.200000506475399,0.200000000001195,0.2,0.2,0.2,0.2,0.2,0.2,0.2,0.2,0.2,0.2,0.2,0.2,0.2,0.2,0.2,0.2,0.2
0.698311052288042,0.693244224063338,0.670407544628469,0.652212577664696,0.616739070266043,0.60331428168497,0.617195484112941,0.608408248445165,0.599178364406014,0.589125184976611,0.570431062359648,0.546064493990889,0.532214297653721,0.53860579813819,0.540749269778668,0.52806720632646,0.537146348175852,0.525928799620326,0.525126802034923,0.525896438434134,0.522522165133704,0.516095105509501,0.504786796840321,0.481318028776003,0.456443564568357,0.422983544022912,0.400762553820801,0.386942625811299,0.37592604608081,0.370330201288754,0.359015341888489,0.353809655513339,0.301097004234202,0.300395217841711,0.299357444809214,0.296578051953186,0.286619854866452,0.274999997371082,0.252783266780209,0.219351388810561,0.20212882601124,0.200000025367284,0.2,0.2,0.2,0.2,0.2,0.2,0.2,0.2,0.2,0.2,0.2,0.2,0.2,0.2,0.2,0.2,0.2,0.2
0.677718331170949,0.68919410957452,0.664939480134828,0.64462857810445,0.605609229055314,0.606379468676064,0.604187848171505,0.598223886911311,0.592645285585551,0.586494889311054,0.570724893112283,0.547167225174274,0.529052402911906,0.532537619305366,0.532588574298312,0.515965865122908,0.527476372692289,0.521937119056492,0.520053364270052,0.520853941483078,0.518308662488065,0.513545377484258,0.503720296346892,0.485013853450036,0.463054772431871,0.452408470959417,0.448197741383176,0.444573389245306,0.436268621025012,0.40203820478046,0.389997999070563,0.384563097814546,0.378212917311482,0.325641498132218,0.312739336752268,0.30535775214806,0.302993682190084,0.288630097647648,0.261690736685995,0.230027052998466,0.200008848010239,0.200000000000189,0.2,0.2,0.2,0.2,0.2,0.2,0.2,0.2,0.2,0.2,0.2,0.2,0.2,0.2,0.2,0.2,0.2,0.2
0.670528101541323,0.685569197938939,0.66247458127739,0.644211589786183,0.626900244739715,0.622906776987529,0.607769025928721,0.597699448236348,0.591741799982093,0.585456935990978,0.572267452430925,0.54545648381517,0.524451914819193,0.527111170869743,0.524720751738492,0.504025544391738,0.518383701937567,0.516646383180332,0.515231203949261,0.516144609658152,0.513239120615515,0.509446875043451,0.501452038790998,0.485801852587797,0.46830226756736,0.460427395434274,0.455734786724227,0.45148543436728,0.445282812473741,0.41989648849644,0.403455095867998,0.394481784571225,0.382916109351121,0.366635053149394,0.337796409079226,0.319014072864492,0.310129603259899,0.295702835428315,0.262059867998116,0.234318707086364,0.200004115033141,0.200000000000011,0.2,0.2,0.2,0.2,0.2,0.2,0.2,0.2,0.2,0.2,0.2,0.2,0.2,0.2,0.2,0.2,0.2,0.2
0.6701979777137,0.680327861649027,0.662311472414867,0.64695272089494,0.632656102737629,0.625850050468313,0.609606388023308,0.567299627370142,0.583030626639272,0.581903324395506,0.57176591443858,0.546489370105662,0.519793933338391,0.522203018805376,0.515892873192538,0.491617331866414,0.508094631838588,0.509192203073453,0.506829457460477,0.512698766528733,0.509010974969867,0.505898444324675,0.498394954852743,0.486367763671239,0.472588921949219,0.46379865928169,0.459470313103669,0.452369122643237,0.438880792734511,0.422027159244734,0.405793368622397,0.397777425827275,0.384059552550982,0.365989495758528,0.325338913494133,0.309817397010911,0.300007669667211,0.268804129954018,0.230042708426754,0.200035756791963,0.200000000024447,0.2,0.2,0.2,0.2,0.2,0.2,0.2,0.2,0.2,0.2,0.2,0.2,0.2,0.2,0.2,0.2,0.2,0.2,0.2
0.669823944956723,0.674928997716884,0.666918084262071,0.653764824905733,0.642656062746556,0.624233873618194,0.580379708142727,0.553643618538732,0.572571553058087,0.576810891856575,0.570363145873575,0.545197268491307,0.515081677926591,0.51808324785597,0.506861770508037,0.479856479246222,0.497086758513355,0.498770151009331,0.498072790626272,0.509945602523563,0.504789286983084,0.502149778267929,0.494365412277833,0.482911243330945,0.466337770289417,0.459730848669017,0.456066391643066,0.449894499962763,0.428936886684496,0.421545514759028,0.409649854197186,0.399892231736927,0.386380846264035,0.366063405862506,0.331777154401461,0.294975335029894,0.242135735059447,0.205793411800348,0.200023830827293,0.20000000007668,0.2,0.2,0.2,0.2,0.2,0.2,0.2,0.2,0.2,0.2,0.2,0.2,0.2,0.2,0.2,0.2,0.2,0.2,0.2,0.2
0.666486220796753,0.668914285325341,0.666798097669319,0.660468710156978,0.595077851536024,0.558091773585844,0.459053512846049,0.423161747840797,0.559963645661408,0.568692081948327,0.567702885640435,0.544368255843159,0.5137592118426,0.51437490754124,0.497942269077694,0.465605272226323,0.487143947986738,0.48930657895457,0.493109897929665,0.507002855033,0.500207865578911,0.498378961788156,0.490453023797466,0.478886779458749,0.461787154316587,0.450668961299919,0.450224822364431,0.446494533019057,0.208236564494298,0.417688947067416,0.410213583019616,0.401081217524133,0.39008068800493,0.369186124692866,0.339484164829579,0.317352124180127,0.274474348898503,0.218634833235845,0.201187940463031,0.200000015828218,0.2,0.2,0.2,0.2,0.2,0.2,0.2,0.2,0.2,0.2,0.2,0.2,0.2,0.2,0.2,0.2,0.2,0.2,0.2,0.2
0.637936329186338,0.65559693065093,0.662471576206954,0.66105577540396,0.59208211561013,0.523385180849084,0.437787487925883,0.433842048254953,0.299066323095868,0.563816643246011,0.565423428786012,0.543671665011425,0.513111254378729,0.511027049194156,0.488868930548163,0.45243458352816,0.478834337630705,0.478739326654874,0.487262225698159,0.503956090078978,0.495381713720395,0.494693511869663,0.487087761025899,0.474695372829551,0.459631282491839,0.443991420972252,0.443023631984201,0.443468454470002,0.438174193233155,0.427539038506742,0.415436116853956,0.404349853087457,0.389872814382217,0.367949365696076,0.340891091126507,0.315351053398369,0.261529247935711,0.215458291267192,0.200008556861312,0.200000000007351,0.2,0.2,0.2,0.2,0.2,0.2,0.2,0.2,0.2,0.2,0.2,0.2,0.2,0.2,0.2,0.2,0.2,0.2,0.2,0.2
0.587446954521672,0.607631186423161,0.630190238599106,0.608811977455643,0.56892377044122,0.550905878375029,0.49652872580117,0.381124161731646,0.251319829382393,0.559023629277397,0.56262533512391,0.541523861093068,0.514403839811948,0.5074990269806,0.480453314234922,0.450502727243664,0.470802053406851,0.466789348398601,0.4826778023604,0.500179242383761,0.489413862347403,0.491083272738937,0.483922751769037,0.47101190581342,0.457111648668794,0.441050635956842,0.435012580199802,0.436027603594104,0.431034168244894,0.424344379098506,0.415606390856667,0.405929609844135,0.391831221597898,0.369935389299862,0.346275879413293,0.329265682972422,0.263712718069126,0.200095216426339,0.200000000109367,0.2,0.2,0.2,0.2,0.2,0.2,0.2,0.2,0.2,0.2,0.2,0.2,0.2,0.2,0.2,0.2,0.2,0.2,0.2,0.2,0.2
0.48429129701886,0.559714869093588,0.556872382209516,0.529601917303916,0.514388611694361,0.528433484671584,0.468936872850092,0.342192044776753,0.540260505060289,0.553825313879578,0.559692573790984,0.53642598951112,0.513390519204151,0.505107822242736,0.470754587663132,0.451282032385655,0.463543107887553,0.452879082514356,0.477427651070081,0.496991361227144,0.480139469800758,0.486676578995762,0.480092994363544,0.46610979616039,0.454478902941188,0.447505655715816,0.443917737789177,0.43780981153783,0.428488620275418,0.420544636696654,0.414905033463988,0.405942792556942,0.388836342105748,0.353022745779945,0.337997703379312,0.200899810989315,0.200268345794154,0.200000001822189,0.2,0.2,0.2,0.2,0.2,0.2,0.2,0.2,0.2,0.2,0.2,0.2,0.2,0.2,0.2,0.2,0.2,0.2,0.2,0.2,0.2,0.2
0.442611830502509,0.494108626482078,0.501849597999785,0.510606515636968,0.501677995882593,0.516776429993529,0.499617112912988,0.519820832927711,0.538119684734814,0.544059341501162,0.556557625345522,0.531052734024701,0.510584552595897,0.498000003963093,0.456076839777251,0.448628036683853,0.455194732872282,0.439286995410393,0.473903157792033,0.493381242658747,0.475940164220547,0.481881816394453,0.476538523232497,0.46174405132986,0.454552692268095,0.444341967368267,0.441373553612924,0.43822022013525,0.430670116456091,0.419262566331019,0.413105284365648,0.407341786351552,0.368683587415357,0.300201964018983,0.200378844895367,0.20000002099799,0.200000002296088,0.2,0.2,0.2,0.2,0.2,0.2,0.2,0.2,0.2,0.2,0.2,0.2,0.2,0.2,0.2,0.2,0.2,0.2,0.2,0.2,0.2,0.2,0.2
0.410787912034558,0.46308401113059,0.47773424092334,0.483624835717419,0.482737399145419,0.497402605477337,0.501439413507324,0.519345297209193,0.534173725731441,0.536392164093226,0.553228221342975,0.520347059916074,0.498665127170894,0.485609308997475,0.450362344620977,0.441589481281014,0.444877416378474,0.434643604256974,0.470364011145303,0.488989541842969,0.473171223320573,0.476906062712312,0.472833994186563,0.23009151943635,0.443408117357619,0.432622964434206,0.432444745891673,0.434482542352368,0.431177136323701,0.420452885632935,0.39620249763005,0.396116522647599,0.280950385853662,0.200314403056287,0.200000002018076,0.2,0.2,0.2,0.2,0.2,0.2,0.2,0.2,0.2,0.2,0.2,0.2,0.2,0.2,0.2,0.2,0.2,0.2,0.2,0.2,0.2,0.2,0.2,0.2,0.2
0.384945743011262,0.416791266217671,0.448029363454349,0.458793956283965,0.457859702179827,0.467377031262127,0.496045794317349,0.500033598803673,0.529749079842877,0.532400046492659,0.548032095726663,0.507715642068265,0.497007214564647,0.480082750044439,0.440478527879584,0.433972236998016,0.435631655535023,0.437450463973931,0.466006096872141,0.483457649698819,0.470943683315564,0.472127091460361,0.470724878705276,0.41894682099579,0.426444546570153,0.411490894709762,0.382159170337715,0.411283302599697,0.421966031824712,0.418643480629919,0.406039253633686,0.39509904812866,0.200451877219314,0.200000002401276,0.2,0.2,0.2,0.2,0.2,0.2,0.2,0.2,0.2,0.2,0.2,0.2,0.2,0.2,0.2,0.2,0.2,0.2,0.2,0.2,0.2,0.2,0.2,0.2,0.2,0.2
0.357764684190297,0.372421347993695,0.428152034647717,0.438970288671263,0.437775062057921,0.448050124981687,0.483012047127461,0.230932384980003,0.519147378541521,0.53085612113103,0.536874237114546,0.505352188517396,0.494408992760291,0.474511943629123,0.429833211268519,0.427505554255283,0.42905905502368,0.439657398732376,0.461546317880115,0.476157628699245,0.467224482250546,0.468656006356216,0.468558162528035,0.398660808261326,0.402584480521057,0.386118799018171,0.366716743236023,0.201998263002569,0.418021098453383,0.415665074602677,0.406234485090805,0.394843488151188,0.390598252669625,0.203446022480444,0.200002838273,0.200000000000151,0.200000059849061,0.2,0.2,0.2,0.2,0.2,0.2,0.2,0.2,0.2,0.2,0.2,0.2,0.2,0.2,0.2,0.2,0.2,0.2,0.2,0.2,0.2,0.2,0.2
0.329376379726719,0.353266750894969,0.392294114942248,0.417102943615294,0.385176532784306,0.255131816093335,0.479063150170574,0.476253298489499,0.514527749960717,0.527209394910504,0.526440773400154,0.503263949761036,0.490414531818889,0.466264512638317,0.420699107179829,0.421395763309877,0.428714172885245,0.441302418782756,0.458886705283125,0.469430026937441,0.463370766781578,0.464976567809372,0.463375630674263,0.369084592814133,0.354824893841564,0.290421846495441,0.201143157062379,0.200000039500961,0.409777848593148,0.411516261868178,0.404687393370385,0.395163766484235,0.3908088604991,0.385222975418645,0.223010889190996,0.200026979022882,0.200882856938319,0.200000012097637,0.2,0.2,0.200000000000087,0.2,0.2,0.2,0.2,0.2,0.2,0.2,0.2,0.2,0.2,0.2,0.2,0.2,0.2,0.2,0.2,0.2,0.2,0.2
0.286667647088024,0.323619928883867,0.38060192535933,0.38704701524082,0.34605288239342,0.452235475957983,0.473956307831175,0.475679657275316,0.511315370129328,0.522949345949007,0.517153316285634,0.499879994045244,0.483831103144115,0.451458567957428,0.41351592807286,0.409076645974397,0.426494123443839,0.439668550289305,0.455561592048379,0.462309494704007,0.457368993389364,0.461842964509643,0.448144567137986,0.352223527378916,0.201912642437286,0.200176114180708,0.200000024607601,0.2,0.201336068622627,0.406944566807351,0.401227866003355,0.392659689201145,0.389469102563883,0.385049463714011,0.374363674674074,0.353629599099157,0.269548365611502,0.200133664704375,0.200000000048791,0.200000000003172,0.20001025167755,0.20000000000009,0.2,0.2,0.2,0.2,0.2,0.2,0.2,0.2,0.2,0.2,0.2,0.2,0.2,0.2,0.2,0.2,0.2,0.2
0.23098656104105,0.261482469066769,0.334526147280628,0.403553879333224,0.431726705077686,0.448713655182119,0.467710244889237,0.476842813778854,0.507608793378096,0.518121519739125,0.510062007935111,0.495223721184769,0.477407213357182,0.448715450474854,0.398752809730733,0.406621947404167,0.424967075070498,0.438767531556756,0.451142661727014,0.451973413587207,0.450603613541026,0.458033370375682,0.447253210207521,0.201378346277173,0.200000072565546,0.20000000024891,0.2,0.2,0.362647964750334,0.401124644519995,0.397594166975445,0.388953634612873,0.387309136465937,0.384237504641695,0.380520462640259,0.37534083258349,0.24228179974949,0.200037303785221,0.200000000005837,0.200050985703425,0.261664850199348,0.214170231425446,0.200548421240504,0.200000399280825,0.20000000000004,0.2,0.2,0.2,0.2,0.2,0.2,0.2,0.2,0.2,0.2,0.2,0.2,0.2,0.2,0.2
0.20236660980688,0.221069976848682,0.341384225572027,0.396625845816643,0.422191202520403,0.437367187062967,0.462359113172618,0.477527382200059,0.504563385607477,0.515019734186914,0.506228508090459,0.489814534916102,0.475696184860385,0.446461604193775,0.399909320971084,0.40527470113008,0.42261801771833,0.436251206909949,0.445454485512507,0.439467871921535,0.439624241492115,0.451987642406941,0.445594156716581,0.202984527267667,0.20000013548986,0.2,0.2,0.2,0.31567920847466,0.391082584604415,0.392302422239988,0.387044503462206,0.384664817961813,0.381911509527332,0.379312811098174,0.375815489917717,0.286669808916146,0.200149228302543,0.341784361696647,0.334142981377867,0.319135264961779,0.271612099756322,0.219775977456409,0.20074695888512,0.200000136397139,0.200000000000002,0.2,0.2,0.2,0.2,0.2,0.2,0.2,0.2,0.2,0.2,0.2,0.2,0.2,0.2
0.200015177537618,0.218939509941067,0.317506644502512,0.383877575735977,0.410928549215632,0.430589179969176,0.459386389142668,0.478836178765443,0.503840411377127,0.512143003307345,0.503135110933284,0.485989797036761,0.47271958433515,0.448257592707359,0.397699665103085,0.402991379222679,0.420069963951827,0.432039322688818,0.437159441908436,0.420942697253548,0.420370237338772,0.448981236415921,0.444207050765129,0.44018807567231,0.433419860281882,0.2,0.200290325347356,0.200000000656169,0.257814289424389,0.344221401890085,0.373371596117708,0.376098295873745,0.377229501225529,0.374184484485472,0.372902449849183,0.374176386485874,0.357129754584864,0.202036152828187,0.347206466806274,0.340012251649623,0.328557596183745,0.299669036565616,0.241616588910444,0.203677802400066,0.200000000000017,0.2,0.2,0.2,0.2,0.2,0.2,0.2,0.2,0.2,0.2,0.2,0.2,0.2,0.2,0.2
0.200000000038185,0.200799750319019,0.263975156776588,0.365484234317794,0.402341532280233,0.421612239124119,0.458219371262169,0.480921990725088,0.503798305068701,0.508890803867616,0.495907901984599,0.478558823496636,0.467221747831842,0.452476917778447,0.395977235990611,0.399533167265018,0.417328976177193,0.425819326482475,0.422586416684569,0.40705817245839,0.418575558710577,0.445920529800562,0.442598931250231,0.438022467326559,0.433044341728653,0.429166723383678,0.42342997162269,0.410540402525822,0.357187134320332,0.336733648189282,0.357817740835135,0.359262247689835,0.361500275756093,0.360732943057855,0.362667685227789,0.370571053729008,0.362511963697788,0.355823121556161,0.349143180153951,0.344359030015748,0.327128323558676,0.291649307560175,0.232014766934362,0.202111131942733,0.2,0.2,0.2,0.2,0.2,0.2,0.2,0.2,0.2,0.2,0.2,0.2,0.2,0.2,0.2,0.2
0.2,0.20000052658709,0.210597799395112,0.333592611381386,0.388206441198675,0.40813829649146,0.46197486817573,0.484105530246341,0.50194652294806,0.503270497648051,0.486124046778153,0.475037546365148,0.229423257480435,0.450292386134173,0.392840008096379,0.397258038737642,0.413887424750975,0.415016850065051,0.398793514518341,0.394163180745225,0.40162362104544,0.441808405966861,0.440620131258929,0.434663177644915,0.427317162780144,0.410435738778856,0.416309459158724,0.394849206170947,0.35272307174203,0.326707370077411,0.332731109528055,0.323495758096927,0.323346082550307,0.321533036143332,0.336541763005141,0.356033117394653,0.357522902906141,0.349723895694113,0.337739700842892,0.340655400441114,0.332028867048196,0.308057653007356,0.271903149686637,0.229417663965195,0.20000044932116,0.2,0.2,0.2,0.2,0.2,0.2,0.2,0.2,0.2,0.2,0.2,0.2,0.2,0.2,0.2
0.2,0.20000000000013,0.200123747447301,0.283258345894185,0.372114431657499,0.400342085043348,0.465254369269829,0.485754192990751,0.497852978253367,0.493678077065263,0.476548637714587,0.470250353959752,0.459582981420898,0.444033674446836,0.390698314659548,0.396154905893275,0.405730106036736,0.397158754839664,0.371120445416961,0.376596737339275,0.364426220232532,0.423383095412983,0.438489798870037,0.428432178250167,0.42094590862715,0.399821979208229,0.407630387299519,0.377025961039891,0.33651733666575,0.311159452345566,0.272815645817727,0.222640225364955,0.209192975754343,0.201024124401478,0.287617826240371,0.313829441120125,0.325666820884214,0.323955449537603,0.318356594108344,0.329088234208318,0.328240157644683,0.313348924274787,0.27743034163839,0.231763060225752,0.20000278064365,0.2,0.2,0.2,0.2,0.2,0.2,0.2,0.2,0.2,0.2,0.2,0.2,0.2,0.2,0.2
0.2,0.2,0.200000000914644,0.247012997622867,0.352611139928556,0.398533042776011,0.465244437886586,0.485422473604343,0.490953783597281,0.482930292771257,0.471405149462619,0.221547900169122,0.451303099808934,0.431773927475138,0.388113298995628,0.389184438698796,0.389157933828969,0.3596806300262,0.310563594264114,0.353021552387327,0.336788450964552,0.425499372313499,0.435322414551498,0.423226476779659,0.416063761188226,0.396075060301845,0.399714735181576,0.365641788682838,0.315777158677748,0.283611039651085,0.22087177405338,0.201243879409193,0.20000662963938,0.200000000221206,0.2,0.200710550710837,0.32239975471379,0.320676771486797,0.313755001037466,0.254374886917414,0.322585181573722,0.315923457882023,0.294256800504074,0.248442545794763,0.200035264257807,0.200000000005597,0.2,0.2,0.2,0.2,0.2,0.2,0.2,0.2,0.2,0.2,0.2,0.2,0.2,0.2
0.2,0.2,0.200002716940879,0.2103053843471,0.339532483978879,0.404394431156715,0.463746771436243,0.484131408259286,0.487225277838896,0.47735737574689,0.245319144398666,0.409071517836271,0.438997125903417,0.419383259319697,0.383588295729988,0.377402234576386,0.369318092149119,0.34024494453544,0.346043721680395,0.364546764288109,0.398697453403301,0.422488812002152,0.429902058423528,0.419254850467782,0.412560791046088,0.39905341620563,0.392993064897582,0.346095809779658,0.283620978848605,0.238956743439476,0.201265906009445,0.200000992099319,0.200000000000032,0.2,0.2,0.200000009688283,0.278342251975757,0.308297569754959,0.30297346246012,0.26934071457065,0.289893848938741,0.303628552377129,0.295942661885103,0.263356122706596,0.24115322283811,0.200531253314897,0.200000018005961,0.2,0.2,0.2,0.2,0.2,0.2,0.2,0.2,0.2,0.2,0.2,0.2,0.2
0.2,0.2,0.200135616583016,0.212212216682796,0.323493438398292,0.408856615326848,0.460731872755352,0.483066195446099,0.486295004414585,0.399049196393371,0.202382510939155,0.419488046073254,0.428594868421903,0.413316077420934,0.379069535658273,0.37089757238513,0.361347024130695,0.357497206960365,0.370843626989727,0.37932722426847,0.401722722333078,0.41529228282009,0.420885416835133,0.412203254960955,0.407925595127397,0.400639016179188,0.388860922994489,0.324527077656627,0.244221225779902,0.207119166633554,0.200122849777574,0.20000002283594,0.2,0.2,0.2,0.2,0.200421541442444,0.295839378622899,0.287011686080685,0.249789490652848,0.232239149756537,0.204210612738476,0.255420461146889,0.2536718484976,0.234087343985055,0.212768139176244,0.200141877937954,0.200000003121556,0.2,0.2,0.2,0.2,0.2,0.2,0.2,0.2,0.2,0.2,0.2,0.2
0.2,0.2,0.200003708217688,0.202811921959839,0.30327079615978,0.403303701142456,0.457174624714929,0.482647614393304,0.485146034136309,0.482185085307235,0.479153645657315,0.455248278094166,0.417929268338175,0.41172823729369,0.374641697200034,0.364598216090239,0.354681012115916,0.352306768327663,0.374591553890293,0.383400445070581,0.394387218618724,0.397731165699052,0.396985663393799,0.394121450885258,0.392670124662088,0.395771691475378,0.387258457590962,0.354908281769974,0.304236023246977,0.259465396977748,0.200682402930621,0.200000054799537,0.200000000000001,0.2,0.2,0.2,0.200000006636213,0.200408270622009,0.261695065024163,0.21847029191024,0.204020320023905,0.200007327079187,0.200113601143264,0.23541350640645,0.220774619484148,0.205552842625617,0.200353469280984,0.200000790272699,0.200000000000259,0.2,0.2,0.2,0.2,0.2,0.2,0.2,0.2,0.2,0.2,0.2
0.2,0.2,0.200000000056271,0.200020913909693,0.273279815472952,0.395651922201058,0.449907972400072,0.481133834414287,0.261925528527521,0.36043278567898,0.470807589955567,0.453566522229457,0.410993558665784,0.408786742183351,0.36952747620541,0.357963592304066,0.346913882407944,0.343346696971352,0.363740360849761,0.365000987323705,0.368291910262356,0.360303423389566,0.256486792170044,0.207741107508984,0.206002663626387,0.392602376807819,0.382874033335112,0.350094067142677,0.309033796102771,0.251266057850188,0.208281859024892,0.200072593562678,0.200000002638238,0.2,0.2,0.2,0.2,0.200667238388028,0.239497314388352,0.204230235154419,0.200101618928872,0.20000001640554,0.2,0.200143576625561,0.205266015692313,0.200529873710719,0.200004089557207,0.200000000121352,0.2,0.2,0.2,0.2,0.2,0.2,0.2,0.2,0.2,0.2,0.2,0.2
0.2,0.2,0.2,0.200000000572135,0.235902633096525,0.374125917956345,0.441124127414305,0.47844620342757,0.468052504032601,0.420921456762741,0.441991135782734,0.45187499745105,0.422857464204316,0.404846467753403,0.363867741309844,0.352001938485955,0.337652914366689,0.337455400107208,0.356787213499024,0.208408191703792,0.206702379861731,0.212023534893626,0.201714335364939,0.200008553483303,0.200001894431337,0.389007994358341,0.377255407486976,0.331020267597339,0.283371864043043,0.216932412427956,0.200646354977192,0.200000879772537,0.200000000001823,0.2,0.2,0.2,0.2,0.200000194635638,0.208598141770857,0.2001435568157,0.200000084230354,0.200000000000033,0.2,0.200000004336999,0.200030945742057,0.200002265204016,0.200000000186558,0.2,0.2,0.2,0.2,0.2,0.2,0.2,0.2,0.2,0.2,0.2,0.2,0.2
0.2,0.2,0.2,0.2,0.206418495617122,0.355252571493094,0.435699142895087,0.475343106638573,0.472423859284191,0.428664804167575,0.439657659708973,0.44951330238208,0.421256774558431,0.402982190169857,0.356218028742194,0.34467889301687,0.319332437252993,0.323058991968598,0.348620257310729,0.257472861031007,0.200007376529587,0.20002944079229,0.200000448286354,0.200000000006759,0.369974302615561,0.384418163077138,0.370663730377749,0.297848704032446,0.235945799666267,0.200761005745723,0.200000234231514,0.200000000000591,0.2,0.2,0.2,0.2,0.2,0.200000000000014,0.200186724324291,0.200000059916926,0.200000000000011,0.2,0.2,0.2,0.200000001352925,0.200000000007095,0.2,0.2,0.2,0.2,0.2,0.2,0.2,0.2,0.2,0.2,0.2,0.2,0.2,0.2
0.2,0.2,0.2,0.2,0.200170061566268,0.328539085783379,0.429760168041771,0.472977880671273,0.471415011702156,0.43352944363848,0.436703905502242,0.44828793256075,0.413810417797608,0.391511291876298,0.349542368207084,0.327489977533009,0.285067719266755,0.288577084686466,0.326737235187599,0.214289181154472,0.200000000004123,0.200000004373047,0.200906796458523,0.339435859325338,0.36444514676892,0.376305138310831,0.358332504809759,0.241345237157196,0.204048934764928,0.200000881619621,0.200000000000122,0.2,0.2,0.2,0.2,0.2,0.2,0.2,0.200000020373646,0.2,0.2,0.2,0.2,0.2,0.2,0.2,0.2,0.2,0.2,0.2,0.2,0.2,0.2,0.2,0.2,0.2,0.2,0.2,0.2,0.2
0.2,0.2,0.2,0.2,0.2000000964759,0.314786879782556,0.408763517782268,0.471295676896531,0.470383401782951,0.441665535473985,0.433843127150798,0.444638322512948,0.393331926503378,0.374172407367749,0.339010479437236,0.304819428280099,0.225334312159502,0.236286317920614,0.281648208410937,0.20264654547435,0.200000185252791,0.200000064261402,0.20120456451068,0.334416242580224,0.357717480733758,0.363980556861589,0.338907384483848,0.203931258222656,0.200038487451188,0.200000000052057,0.2,0.2,0.2,0.2,0.2,0.2,0.2,0.2,0.2,0.2,0.2,0.2,0.2,0.2,0.2,0.2,0.2,0.2,0.2,0.2,0.2,0.2,0.2,0.2,0.2,0.2,0.2,0.2,0.2,0.2
0.2,0.2,0.2,0.2,0.200000000000028,0.305158476964803,0.362001781338445,0.467600650595325,0.469312646431183,0.449709608993597,0.4320904560391,0.429905011415418,0.383062766891872,0.372920576847455,0.333275584856818,0.284552395892874,0.200046806146945,0.204182004202185,0.217874269534708,0.200054156359142,0.200000139461673,0.200569373843934,0.206129540246999,0.328885910472787,0.34746318600031,0.349420196652631,0.300454869965575,0.200021415747133,0.200000002829916,0.2,0.2,0.2,0.2,0.2,0.2,0.2,0.2,0.2,0.2,0.2,0.2,0.2,0.2,0.2,0.2,0.2,0.2,0.2,0.2,0.2,0.2,0.2,0.2,0.2,0.2,0.2,0.2,0.2,0.2,0.2
0.2,0.2,0.2,0.2,0.2,0.293037457034736,0.341699023663284,0.446319638242167,0.464899546706629,0.456200827076022,0.435132951221427,0.417377592377746,0.380172597641414,0.368940012974409,0.330766403414609,0.275798102021488,0.212435383939231,0.200045407410496,0.200331960633065,0.20000017211038,0.201795880557752,0.235794838728126,0.27757541797035,0.318840393732414,0.332357768191324,0.331668973849457,0.243826533334089,0.200000000667667,0.2,0.2,0.2,0.2,0.2,0.2,0.2,0.2,0.2,0.2,0.2,0.2,0.2,0.2,0.2,0.2,0.2,0.2,0.2,0.2,0.2,0.2,0.2,0.2,0.2,0.2,0.2,0.2,0.2,0.2,0.2,0.2
0.2,0.2,0.2,0.2,0.2,0.279123812667721,0.332930984992284,0.430641128347198,0.450929350665472,0.453658513448322,0.442746842029378,0.404210367909118,0.379741055633011,0.204420134363601,0.324216378278288,0.305229581464852,0.234596569771302,0.200000003770735,0.200000066234457,0.20000000268488,0.200101028714899,0.208794305387169,0.242525984390249,0.294367887027514,0.309983318069103,0.31399511837215,0.206458556877684,0.2,0.2,0.2,0.2,0.2,0.2,0.2,0.2,0.2,0.2,0.2,0.2,0.2,0.2,0.2,0.2,0.2,0.2,0.2,0.2,0.2,0.2,0.2,0.2,0.2,0.2,0.2,0.2,0.2,0.2,0.2,0.2,0.2
0.2,0.2,0.2,0.2,0.2,0.249798384770293,0.324728621550286,0.421775485519959,0.443844839135061,0.450793769470504,0.444688215056075,0.398254171345837,0.379284114811844,0.260198185621741,0.200376487659123,0.29864816351626,0.208853138491211,0.2,0.200000000000001,0.200000000000226,0.200000668686403,0.200859580199932,0.217242171172468,0.270539583342006,0.278275197389168,0.293331897699092,0.200106126205079,0.2,0.2,0.2,0.2,0.2,0.2,0.2,0.2,0.2,0.2,0.2,0.2,0.2,0.2,0.2,0.2,0.2,0.2,0.2,0.2,0.2,0.2,0.2,0.2,0.2,0.2,0.2,0.2,0.2,0.2,0.2,0.2,0.2
0.2,0.2,0.2,0.2,0.2,0.212800352824465,0.312124418243332,0.415045882090962,0.437624328554754,0.449468265475901,0.445309265832996,0.394043360231779,0.378371074192537,0.207042804130104,0.270686948760336,0.283425228230171,0.200394616403645,0.2000000260241,0.2,0.2,0.200000000136597,0.200015960859258,0.20323015078667,0.237545164646267,0.244601604079581,0.269459706837929,0.200000026529258,0.2,0.2,0.2,0.2,0.2,0.2,0.2,0.2,0.2,0.2,0.2,0.2,0.2,0.2,0.2,0.2,0.2,0.2,0.2,0.2,0.2,0.2,0.2,0.2,0.2,0.2,0.2,0.2,0.2,0.2,0.2,0.2,0.2
0.2,0.2,0.2,0.2,0.2,0.200434013389004,0.291661631514589,0.402829065891084,0.427568795253158,0.448223202977686,0.44520102780199,0.390432725926923,0.36961974329149,0.216448073812208,0.255487467589646,0.264622204849892,0.201323429315038,0.200000515113762,0.200000000000055,0.2,0.200000000000003,0.200000094376892,0.200234005538973,0.209717554471237,0.215291307386101,0.241672426347734,0.200000000000001,0.2,0.2,0.2,0.2,0.2,0.2,0.2,0.2,0.2,0.2,0.2,0.2,0.2,0.2,0.2,0.2,0.2,0.2,0.2,0.2,0.2,0.2,0.2,0.2,0.2,0.2,0.2,0.2,0.2,0.2,0.2,0.2,0.2
0.2,0.2,0.2,0.2,0.2,0.200000302499636,0.271391611826514,0.385673304179612,0.407261093667168,0.442023492782491,0.443562191811028,0.386462311944352,0.350728900034613,0.207644997171476,0.229367000346755,0.201912557182938,0.200002481526636,0.200000000001314,0.2,0.2,0.2,0.200000000001753,0.200000900756862,0.200555878031908,0.202697835361436,0.214812532949932,0.200000958830728,0.200000000000005,0.2,0.2,0.2,0.2,0.2,0.2,0.2,0.2,0.2,0.2,0.2,0.2,0.2,0.2,0.2,0.2,0.2,0.2,0.2,0.2,0.2,0.2,0.2,0.2,0.2,0.2,0.2,0.2,0.2,0.2,0.2,0.2
0.2,0.2,0.2,0.2,0.200000000004477,0.200019058473462,0.250336251627994,0.365142934869853,0.389072686107964,0.428726517721105,0.441064389736108,0.383249031316319,0.331993095225091,0.200246442170904,0.205291964587197,0.200004604305875,0.200000000007568,0.2,0.2,0.2,0.2,0.2,0.200000000023681,0.200002331893643,0.200052855598349,0.20007597383604,0.200000000067734,0.2,0.2,0.2,0.2,0.2,0.2,0.2,0.2,0.2,0.2,0.2,0.2,0.2,0.2,0.2,0.2,0.2,0.2,0.2,0.2,0.2,0.2,0.2,0.2,0.2,0.2,0.2,0.2,0.2,0.2,0.2,0.2,0.2
0.2,0.2,0.2,0.2,0.2,0.200000023406254,0.200862467592573,0.363653733621088,0.375624158185608,0.412935440181023,0.437830662958064,0.382831174629579,0.330355707433662,0.200000057047642,0.200024060912677,0.200000000063231,0.2,0.2,0.2,0.2,0.2,0.2,0.2,0.200000000043348,0.200000013231769,0.200000000596193,0.2,0.2,0.2,0.2,0.2,0.2,0.2,0.2,0.2,0.2,0.2,0.2,0.2,0.2,0.2,0.2,0.2,0.2,0.2,0.2,0.2,0.2,0.2,0.2,0.2,0.2,0.2,0.2,0.2,0.2,0.2,0.2,0.2,0.2
0.2,0.2,0.2,0.2,0.200000000000351,0.200006376394016,0.205510631738963,0.342489643728575,0.372536312884373,0.40062174078931,0.434592376744677,0.381641692320011,0.329707698545957,0.211500823700589,0.200000000422654,0.2,0.2,0.2,0.2,0.2,0.2,0.2,0.2,0.2,0.2,0.2,0.2,0.2,0.2,0.2,0.2,0.2,0.2,0.2,0.2,0.2,0.2,0.2,0.2,0.2,0.2,0.2,0.2,0.2,0.2,0.2,0.2,0.2,0.2,0.2,0.2,0.2,0.2,0.2,0.2,0.2,0.2,0.2,0.2,0.2
0.2,0.2,0.2,0.2,0.2,0.200000000010062,0.200013114816872,0.207031492910969,0.355950540284633,0.398870188672277,0.427972593888129,0.376163071916933,0.329009416306701,0.248070855665768,0.200227779871074,0.200000027809769,0.2,0.2,0.2,0.2,0.2,0.2,0.2,0.2,0.2,0.2,0.2,0.2,0.2,0.2,0.2,0.2,0.2,0.2,0.2,0.2,0.2,0.2,0.2,0.2,0.2,0.2,0.2,0.2,0.2,0.2,0.2,0.2,0.2,0.2,0.2,0.2,0.2,0.2,0.2,0.2,0.2,0.2,0.2,0.2
0.2,0.2,0.2,0.2,0.2,0.2,0.200000000136165,0.200041831069927,0.219963584430926,0.398229969978408,0.4262874684946,0.376315287216411,0.331405125847549,0.255866738858449,0.200216466827913,0.200000028263132,0.2,0.2,0.2,0.2,0.2,0.2,0.2,0.2,0.2,0.2,0.2,0.2,0.2,0.2,0.2,0.2,0.2,0.2,0.2,0.2,0.2,0.2,0.2,0.2,0.2,0.2,0.2,0.2,0.2,0.2,0.2,0.2,0.2,0.2,0.2,0.2,0.2,0.2,0.2,0.2,0.2,0.2,0.2,0.2
0.2,0.2,0.2,0.2,0.2,0.2,0.2,0.200000001218598,0.200271047697136,0.397731388379837,0.423460609358668,0.37609241734301,0.363307246609505,0.273437673956672,0.200573192316531,0.200000212376763,0.200000000000017,0.2,0.2,0.2,0.2,0.2,0.2,0.2,0.2,0.2,0.2,0.2,0.2,0.2,0.2,0.2,0.2,0.2,0.2,0.2,0.2,0.2,0.2,0.2,0.2,0.2,0.2,0.2,0.2,0.2,0.2,0.2,0.2,0.2,0.2,0.2,0.2,0.2,0.2,0.2,0.2,0.2,0.2,0.2
0.2,0.2,0.2,0.2,0.2,0.200000000000001,0.200000019284755,0.200096152033895,0.243561056380528,0.396555358012009,0.418747443827429,0.375862577922755,0.368191443757389,0.285753493903374,0.20090229716455,0.200000132856564,0.200000000000004,0.2,0.2,0.2,0.2,0.2,0.2,0.2,0.2,0.2,0.2,0.2,0.2,0.2,0.2,0.2,0.2,0.2,0.2,0.2,0.2,0.2,0.2,0.2,0.2,0.2,0.2,0.2,0.2,0.2,0.2,0.2,0.2,0.2,0.2,0.2,0.2,0.2,0.2,0.2,0.2,0.2,0.2,0.2
0.2,0.2,0.2,0.2,0.2,0.200000000000333,0.200003290013197,0.204685905646728,0.25431025623334,0.387054668050298,0.41852372903767,0.375387569714296,0.369944760687993,0.361223613281506,0.357551388307833,0.26206964395752,0.204151483241398,0.200014063152009,0.200000000312098,0.2,0.2,0.2,0.2,0.2,0.2,0.2,0.2,0.2,0.2,0.2,0.2,0.2,0.2,0.2,0.2,0.2,0.2,0.2,0.2,0.2,0.2,0.2,0.2,0.2,0.2,0.2,0.2,0.2,0.2,0.2,0.2,0.2,0.2,0.2,0.2,0.2,0.2,0.2,0.2,0.2
0.2,0.2,0.2,0.2,0.40224619157517,0.407399527008878,0.410900581247651,0.413414146399435,0.415207411999573,0.417523612388517,0.418370305818978,0.377302028790329,0.371154898912975,0.365604441664936,0.359597903274765,0.349130279094979,0.246281869952611,0.20249806310801,0.200008307434038,0.200000000166289,0.2,0.2,0.2,0.2,0.2,0.2,0.2,0.2,0.2,0.2,0.2,0.2,0.2,0.2,0.2,0.2,0.2,0.2,0.2,0.2,0.2,0.2,0.2,0.2,0.2,0.2,0.2,0.2,0.2,0.2,0.2,0.2,0.2,0.2,0.2,0.2,0.2,0.2,0.2,0.2
0.2,0.2,0.384416798695595,0.386516678039801,0.388690136599327,0.381571324170976,0.379961366994786,0.373609064705757,0.400833740042659,0.414964872731417,0.418151795053356,0.381979459977469,0.372266164993295,0.366755585096962,0.361360039273184,0.353399795400521,0.340083847182885,0.307959227362513,0.253979673915658,0.208757985563419,0.200073928466116,0.200000019643421,0.200000000000001,0.2,0.2,0.2,0.2,0.2,0.2,0.2,0.2,0.2,0.2,0.2,0.2,0.2,0.2,0.2,0.2,0.2,0.2,0.2,0.2,0.2,0.2,0.2,0.2,0.2,0.2,0.2,0.2,0.2,0.2,0.2,0.2,0.2,0.2,0.2,0.2,0.2
0.2,0.372805962701247,0.381894222584208,0.381058410297347,0.381131978761646,0.378640818054888,0.203377856456849,0.295562472505483,0.37021343065627,0.416325299772829,0.417940264556798,0.389636035924989,0.37390389994388,0.367699671903843,0.362886609900928,0.356100795481592,0.34886445531789,0.332130829851459,0.290749491225706,0.229139550380892,0.200196556569994,0.200000159094721,0.20000000000005,0.2,0.2,0.2,0.2,0.2,0.2,0.2,0.2,0.2,0.2,0.2,0.2,0.2,0.2,0.2,0.2,0.2,0.2,0.2,0.2,0.2,0.2,0.2,0.2,0.2,0.2,0.2,0.2,0.2,0.2,0.2,0.2,0.2,0.2,0.2,0.2,0.2
0.274582233025296,0.367302658105713,0.378990609672869,0.378614147933512,0.379128233928606,0.206491696403004,0.201889823094375,0.307742544452485,0.36616183199633,0.415833166880718,0.417565925284171,0.397155615668137,0.37609771707159,0.368719079294283,0.363541020910322,0.35807797712737,0.352479407580311,0.342110062211084,0.318810998644729,0.259313514002625,0.207639786537072,0.200192271991531,0.200000068087972,0.200000000000009,0.2,0.2,0.2,0.2,0.2,0.2,0.2,0.2,0.2,0.2,0.2,0.2,0.2,0.2,0.2,0.2,0.2,0.2,0.2,0.2,0.2,0.2,0.2,0.2,0.2,0.2,0.2,0.2,0.2,0.2,0.2,0.2,0.2,0.2,0.2,0.2
0.218996008942849,0.360408357556537,0.375762368273582,0.376993203188274,0.244020275762113,0.200012075063759,0.207509333678551,0.339421751373468,0.411733179669805,0.415205130037841,0.416964368929705,0.402061737159452,0.378026429234806,0.369843882315335,0.363506305649597,0.358690928520466,0.353205942129081,0.338050434486128,0.288082582321992,0.259115459193465,0.221096378882122,0.203492215597834,0.200038855229282,0.200000003648055,0.2,0.2,0.2,0.2,0.2,0.2,0.2,0.2,0.2,0.2,0.2,0.2,0.2,0.2,0.2,0.2,0.2,0.2,0.2,0.2,0.2,0.2,0.2,0.2,0.2,0.2,0.2,0.2,0.2,0.2,0.2,0.2,0.2,0.2,0.2,0.2
0.200451408033168,0.334829526181023,0.367116799964739,0.373469006834481,0.368422042094867,0.200055211558549,0.239126992382582,0.389301508086333,0.411528384798671,0.413657273563625,0.416033247271082,0.40376711127967,0.379495189072644,0.369009673807819,0.363036150834064,0.359191369722472,0.351397185530171,0.335785502968237,0.270825246664631,0.258695432540229,0.22620323329373,0.206411650870079,0.200288806728967,0.200000207692661,0.200000000000061,0.2,0.2,0.2,0.2,0.2,0.2,0.2,0.2,0.2,0.2,0.2,0.2,0.2,0.2,0.2,0.2,0.2,0.2,0.2,0.2,0.2,0.2,0.2,0.2,0.2,0.2,0.2,0.2,0.2,0.2,0.2,0.2,0.2,0.2,0.2
0.200084557207587,0.299434602801591,0.347431382555407,0.365566541692206,0.364952901806037,0.360461541045628,0.208077322420616,0.34841718849705,0.407736044358662,0.410125833166346,0.414178766667277,0.402245313604747,0.380661843863412,0.368056177332832,0.361558158189041,0.355812415802013,0.349656198110658,0.3150372494424,0.262955495659673,0.258247589747057,0.233400970808421,0.206886554562334,0.200157486747163,0.200000156674529,0.20000000000008,0.2,0.2,0.2,0.2,0.2,0.2,0.2,0.2,0.2,0.2,0.2,0.2,0.2,0.2,0.2,0.2,0.2,0.2,0.2,0.2,0.2,0.2,0.2,0.2,0.2,0.2,0.2,0.2,0.2,0.2,0.2,0.2,0.2,0.2,0.2
0.200000039231914,0.20162056217334,0.342246476120612,0.352543303084335,0.356066815797155,0.355604732470074,0.350709601804109,0.295151943487982,0.406632341701893,0.406449826793868,0.4111432396958,0.400708317088708,0.379404881259582,0.367793162641764,0.360484996119291,0.353781944231978,0.347067821726807,0.298701226335193,0.25855744755428,0.257513296788905,0.229188471588252,0.202675787283152,0.200020025901491,0.200000001139242,0.2,0.2,0.2,0.2,0.2,0.2,0.2,0.2,0.2,0.2,0.2,0.2,0.2,0.2,0.2,0.2,0.2,0.2,0.2,0.2,0.2,0.2,0.2,0.2,0.2,0.2,0.2,0.2,0.2,0.2,0.2,0.2,0.2,0.2,0.2,0.2
0.2,0.200000254102048,0.203800025541261,0.202018713264642,0.352771403396593,0.352524353770686,0.355846853542892,0.400208825374508,0.405517444915821,0.402917333649711,0.409766127871131,0.398957435466386,0.37737622419838,0.3665884895056,0.358783544673415,0.351080643442401,0.343784489211093,0.297934691456076,0.252422985594112,0.253277228840318,0.213317889843833,0.200258367451532,0.200000083331976,0.200000000000022,0.2,0.2,0.2,0.2,0.2,0.2,0.2,0.2,0.2,0.2,0.2,0.2,0.2,0.2,0.2,0.2,0.2,0.2,0.2,0.2,0.2,0.2,0.2,0.2,0.2,0.2,0.2,0.2,0.2,0.2,0.2,0.2,0.2,0.2,0.2,0.2
0.2,0.200000000000004,0.200000755990111,0.200000110878349,0.204529703829947,0.350039951707425,0.352806663617384,0.394643110695857,0.404118763260784,0.400730868752512,0.407838516859604,0.395604711059354,0.368435876035731,0.362021254269935,0.356913426057745,0.347969171174357,0.340823196740459,0.302896338045692,0.236104799984842,0.239283848156041,0.200866614184008,0.200000416246177,0.200000000000201,0.2,0.2,0.2,0.2,0.2,0.2,0.2,0.2,0.2,0.2,0.2,0.2,0.2,0.2,0.2,0.2,0.2,0.2,0.2,0.2,0.2,0.2,0.2,0.2,0.2,0.2,0.2,0.2,0.2,0.2,0.2,0.2,0.2,0.2,0.2,0.2,0.2
0.2,0.2,0.200000000000007,0.2,0.318440374223533,0.347218483184714,0.349873272264555,0.379403289506616,0.401018746737034,0.39826809389235,0.399331391716743,0.380820273987802,0.36486647998255,0.355654877939274,0.354071566048754,0.345443425289418,0.338241399880651,0.30954808249444,0.212680812640721,0.217236016856196,0.200001356560402,0.200000000000026,0.2,0.2,0.2,0.2,0.2,0.2,0.2,0.2,0.2,0.2,0.2,0.2,0.2,0.2,0.2,0.2,0.2,0.2,0.2,0.2,0.2,0.2,0.2,0.2,0.2,0.2,0.2,0.2,0.2,0.2,0.2,0.2,0.2,0.2,0.2,0.2,0.2,0.2
0.2,0.200000000000003,0.200001141184822,0.209196642999121,0.292551723976628,0.342688922400819,0.346699994873137,0.364943667690422,0.398715179487158,0.392561276985562,0.387036935443101,0.369325251976173,0.363123855376129,0.346841466112539,0.34123635233852,0.342371374720065,0.200475555469285,0.308665185788569,0.240945146130999,0.203187763176744,0.200000021048295,0.2,0.2,0.2,0.2,0.2,0.2,0.2,0.2,0.2,0.2,0.2,0.2,0.2,0.2,0.2,0.2,0.2,0.2,0.2,0.2,0.2,0.2,0.2,0.2,0.2,0.2,0.2,0.2,0.2,0.2,0.2,0.2,0.2,0.2,0.2,0.2,0.2,0.2,0.2
0.2,0.2,0.200000000039887,0.200050658272135,0.255102812035096,0.332309506741904,0.337747698181326,0.362041347603239,0.397402185989793,0.39163652659181,0.383012857761127,0.366232127044825,0.360076503584029,0.335709670546101,0.326806960322436,0.338102481726834,0.318671859791487,0.307679053692488,0.257493035699512,0.206267028526776,0.20000064234163,0.200000000000003,0.2,0.2,0.2,0.2,0.2,0.2,0.2,0.2,0.2,0.2,0.2,0.2,0.2,0.2,0.2,0.2,0.2,0.2,0.2,0.2,0.2,0.2,0.2,0.2,0.2,0.2,0.2,0.2,0.2,0.2,0.2,0.2,0.2,0.2,0.2,0.2,0.2,0.2
0.2,0.2,0.2,0.200000799759375,0.22009186260755,0.305228957848553,0.324802503128788,0.358110533166242,0.393377081437843,0.391089837832889,0.379477469964875,0.361118609246251,0.355257967138269,0.321857942521714,0.302809505205163,0.32834435379307,0.314661894956393,0.30655677269276,0.275839047924139,0.226718063210623,0.204285470636393,0.200000106629018,0.2,0.2,0.2,0.2,0.2,0.2,0.2,0.2,0.2,0.2,0.2,0.2,0.2,0.2,0.2,0.2,0.2,0.2,0.2,0.2,0.2,0.2,0.2,0.2,0.2,0.2,0.2,0.2,0.2,0.2,0.2,0.2,0.2,0.2,0.2,0.2,0.2,0.2
0.2,0.2,0.2,0.200005580941016,0.201774098290593,0.253904219345477,0.299917518923701,0.354468234469015,0.383502776359573,0.390368333300998,0.378882966977031,0.354728848277088,0.343990122112076,0.304165067059942,0.257082301243555,0.307798208493166,0.308514433444257,0.305038693241679,0.281209950024925,0.251645316904469,0.238542040270541,0.205619459666844,0.2,0.2,0.2,0.2,0.2,0.2,0.2,0.2,0.2,0.2,0.2,0.2,0.2,0.2,0.2,0.2,0.2,0.2,0.2,0.2,0.2,0.2,0.2,0.2,0.2,0.2,0.2,0.2,0.2,0.2,0.2,0.2,0.2,0.2,0.2,0.2,0.2,0.2
0.2,0.2,0.2,0.200000000065427,0.20000565912612,0.209294584822453,0.261920680549913,0.351506995929793,0.375315263260863,0.387075469219232,0.37997367948973,0.369579931189382,0.324143345854786,0.279976445680829,0.218634490463043,0.275577352773166,0.297889913909621,0.303212242012476,0.284192428293685,0.260822148244285,0.241052409551859,0.210354845101053,0.2,0.2,0.2,0.2,0.2,0.2,0.2,0.2,0.2,0.2,0.2,0.2,0.2,0.2,0.2,0.2,0.2,0.2,0.2,0.2,0.2,0.2,0.2,0.2,0.2,0.2,0.2,0.2,0.2,0.2,0.2,0.2,0.2,0.2,0.2,0.2,0.2,0.2
0.2,0.2,0.2,0.200000000002739,0.200003568009788,0.206196988763079,0.247987007356278,0.34787131986885,0.369167762839341,0.383462015272304,0.380481730536585,0.371830142964619,0.293308345958825,0.255943289044567,0.202560710105776,0.223653345097797,0.291264793568222,0.300355296480841,0.28697257253367,0.266784684489677,0.244218008111466,0.209260453635032,0.200000040843987,0.2,0.2,0.2,0.2,0.2,0.2,0.2,0.2,0.2,0.2,0.2,0.2,0.2,0.2,0.2,0.2,0.2,0.2,0.2,0.2,0.2,0.2,0.2,0.2,0.2,0.2,0.2,0.2,0.2,0.2,0.2,0.2,0.2,0.2,0.2,0.2,0.2
0.2,0.2,0.2,0.200000005851006,0.200139019010694,0.20538348596548,0.244065709246365,0.342196355648585,0.3634265319996,0.378346162551614,0.379399701799458,0.372511523589045,0.266873653290523,0.237559154883366,0.239303184208826,0.259352103852692,0.281253879961088,0.280935154850115,0.26992391459381,0.236667589458341,0.225062201101705,0.202941820304855,0.200024344466579,0.2,0.2,0.2,0.2,0.2,0.2,0.2,0.2,0.2,0.2,0.2,0.2,0.2,0.2,0.2,0.2,0.2,0.2,0.2,0.2,0.2,0.2,0.2,0.2,0.2,0.2,0.2,0.2,0.2,0.2,0.2,0.2,0.2,0.2,0.2,0.2,0.2
0.2,0.2,0.2,0.200000000192618,0.200026061291438,0.207777649688264,0.265504066713055,0.334516201287311,0.356420109479457,0.372898458363077,0.376872436693046,0.372762229721435,0.360411022722469,0.244563267052764,0.200222746302531,0.200629387651318,0.20899062318757,0.239342566124438,0.240458776484468,0.205959969931137,0.205873957965549,0.200102691110499,0.20000000679537,0.2,0.2,0.2,0.2,0.2,0.2,0.2,0.2,0.2,0.2,0.2,0.2,0.2,0.2,0.2,0.2,0.2,0.2,0.2,0.2,0.2,0.2,0.2,0.2,0.2,0.2,0.2,0.2,0.2,0.2,0.2,0.2,0.2,0.2,0.2,0.2,0.2
0.2,0.2,0.2,0.20000000461908,0.200170762248,0.216248419923877,0.273704429344066,0.328944089992604,0.348767934306536,0.366847151328204,0.373068492154283,0.37240447292635,0.365244964958584,0.305338070972277,0.200000004283993,0.200000065232703,0.200385762606619,0.231511472746017,0.21471702684164,0.200141743022755,0.200330520541406,0.200000119782707,0.2,0.2,0.2,0.2,0.2,0.2,0.2,0.2,0.2,0.2,0.2,0.2,0.2,0.2,0.2,0.2,0.2,0.2,0.2,0.2,0.2,0.2,0.2,0.2,0.2,0.2,0.2,0.2,0.2,0.2,0.2,0.2,0.2,0.2,0.2,0.2,0.2,0.2
0.2,0.2,0.2,0.200001056532784,0.201959322378731,0.231092533174646,0.280204985865699,0.32184974442914,0.339446507072721,0.35806475132321,0.367268615966715,0.371422209002784,0.365930534379049,0.328710407483867,0.2,0.2,0.200000063222328,0.200096535503321,0.201366681155011,0.200000041733846,0.200001678448842,0.200000000000122,0.2,0.2,0.2,0.2,0.2,0.2,0.2,0.2,0.2,0.2,0.2,0.2,0.2,0.2,0.2,0.2,0.2,0.2,0.2,0.2,0.2,0.2,0.2,0.2,0.2,0.2,0.2,0.2,0.2,0.2,0.2,0.2,0.2,0.2,0.2,0.2,0.2,0.2
0.2,0.2,0.2,0.200003656392007,0.202713697927866,0.230026310472804,0.268610381375746,0.292763707747281,0.236598348537959,0.355602393120218,0.361714912228862,0.369476175658188,0.366177632578427,0.347121668700493,0.346627053190058,0.230559731390131,0.20000000000001,0.200000012131328,0.200004122628688,0.200000000000007,0.200000000042249,0.2,0.2,0.2,0.2,0.2,0.2,0.2,0.2,0.2,0.2,0.2,0.2,0.2,0.2,0.2,0.2,0.2,0.2,0.2,0.2,0.2,0.2,0.2,0.2,0.2,0.2,0.2,0.2,0.2,0.2,0.2,0.2,0.2,0.2,0.2,0.2,0.2,0.2,0.2
0.2,0.2,0.2,0.200000007279031,0.200099297499585,0.207259886966426,0.223103500869139,0.217733895827693,0.223166425757325,0.353799970347322,0.358067867161167,0.367056900609482,0.365546549825808,0.354089833155977,0.348520558974967,0.242132924699288,0.2,0.2,0.200000000002678,0.2,0.2,0.2,0.2,0.2,0.2,0.2,0.2,0.2,0.2,0.2,0.2,0.2,0.2,0.2,0.2,0.2,0.2,0.2,0.2,0.2,0.2,0.2,0.2,0.2,0.2,0.2,0.2,0.2,0.2,0.2,0.2,0.2,0.2,0.2,0.2,0.2,0.2,0.2,0.2,0.2
0.2,0.2,0.2,0.200000000000044,0.200000192880762,0.200295676731996,0.200915014534087,0.201740053598194,0.34398716680306,0.351246918396305,0.355285963076318,0.365568832286223,0.364700875316408,0.358402349614627,0.349753981800008,0.327755863622803,0.2,0.2,0.2,0.2,0.2,0.2,0.2,0.2,0.2,0.2,0.2,0.2,0.2,0.2,0.2,0.2,0.2,0.2,0.2,0.2,0.2,0.2,0.2,0.2,0.2,0.2,0.2,0.2,0.2,0.2,0.2,0.2,0.2,0.2,0.2,0.2,0.2,0.2,0.2,0.2,0.2,0.2,0.2,0.2
0.2,0.2,0.2,0.2000000001491,0.200009763909473,0.202389923466872,0.231578522941864,0.299595526019215,0.34159768431305,0.347901682520796,0.354169616988668,0.363794765658625,0.363266581107638,0.360870589365884,0.351970733966416,0.335645445212478,0.334541826307129,0.2,0.2,0.2,0.2,0.2,0.2,0.2,0.2,0.2,0.2,0.2,0.2,0.2,0.2,0.2,0.2,0.2,0.2,0.2,0.2,0.2,0.2,0.2,0.2,0.2,0.2,0.2,0.2,0.2,0.2,0.2,0.2,0.2,0.2,0.2,0.2,0.2,0.2,0.2,0.2,0.2,0.2,0.2
0.2,0.2,0.2,0.200000000050084,0.200007252179946,0.203596942623896,0.243219126577328,0.304424310156899,0.336289558821685,0.342934822812639,0.352634758094592,0.358510117315512,0.205639782489012,0.359911941648328,0.352962557451537,0.340954073215943,0.337158623906991,0.320235097404131,0.2,0.2,0.2,0.2,0.2,0.2,0.2,0.2,0.2,0.2,0.2,0.2,0.2,0.2,0.2,0.2,0.2,0.2,0.2,0.2,0.2,0.2,0.2,0.2,0.2,0.2,0.2,0.2,0.2,0.2,0.2,0.2,0.2,0.2,0.2,0.2,0.2,0.2,0.2,0.2,0.2,0.2
0.2,0.2,0.2,0.2,0.200000005124478,0.200148514737994,0.21038451913745,0.240489684460494,0.327945685630472,0.338102030250451,0.350624051527641,0.340251562436736,0.202043813792652,0.358379894901334,0.353393887923893,0.3434092747162,0.338604974941587,0.324687210054948,0.252770826872911,0.2,0.2,0.2,0.2,0.2,0.2,0.2,0.2,0.2,0.2,0.2,0.2,0.2,0.2,0.2,0.2,0.2,0.2,0.2,0.2,0.2,0.2,0.2,0.2,0.2,0.2,0.2,0.2,0.2,0.2,0.2,0.2,0.2,0.2,0.2,0.2,0.2,0.2,0.2,0.2,0.2
0.2,0.2,0.2,0.2,0.2,0.200000109951458,0.200315503074564,0.214495970758136,0.311122386654623,0.333592292170111,0.348693485735597,0.324006600008688,0.267547624552084,0.355642854213498,0.353164426135797,0.344170868079977,0.339455586915029,0.325937992514202,0.27204755868867,0.2,0.2,0.2,0.2,0.2,0.2,0.2,0.2,0.2,0.2,0.2,0.2,0.2,0.2,0.2,0.2,0.2,0.2,0.2,0.2,0.2,0.2,0.2,0.2,0.2,0.2,0.2,0.2,0.2,0.2,0.2,0.2,0.2,0.2,0.2,0.2,0.2,0.2,0.2,0.2,0.2
0.2,0.2,0.2,0.2,0.2,0.200000000062617,0.200013085426808,0.205040644731782,0.285745283445448,0.323445113463641,0.344269708262505,0.312856345070722,0.25731428527026,0.343549267949262,0.351958017013568,0.344212478745709,0.340074264217154,0.326933849636839,0.281906210479291,0.243119259165036,0.2,0.2,0.2,0.2,0.2,0.2,0.2,0.2,0.2,0.2,0.2,0.2,0.2,0.2,0.2,0.2,0.2,0.2,0.2,0.2,0.2,0.2,0.2,0.2,0.2,0.2,0.2,0.2,0.2,0.2,0.2,0.2,0.2,0.2,0.2,0.2,0.2,0.2,0.2,0.2
0.2,0.2,0.2,0.2,0.2,0.2,0.200000088319645,0.200641690955423,0.260055666521863,0.3057099113458,0.337308228975017,0.30592049638951,0.26696257883488,0.334366371710614,0.350735681594319,0.343857527338034,0.339887405361831,0.326968181680936,0.286200593167854,0.245148006931868,0.2,0.2,0.2,0.2,0.2,0.2,0.2,0.2,0.2,0.2,0.2,0.2,0.2,0.2,0.2,0.2,0.2,0.2,0.2,0.2,0.2,0.2,0.2,0.2,0.2,0.2,0.2,0.2,0.2,0.2,0.2,0.2,0.2,0.2,0.2,0.2,0.2,0.2,0.2,0.2
0.2,0.2,0.2,0.2,0.2,0.2,0.200000000000048,0.202756620058254,0.234719186866097,0.271896210138001,0.324885109448739,0.287038704169943,0.298100826746411,0.342417631860215,0.348656877925233,0.343274272314822,0.338920442446468,0.326275037499138,0.285878609859685,0.247318196271684,0.201002164952804,0.2,0.2,0.2,0.2,0.2,0.2,0.2,0.2,0.2,0.2,0.2,0.2,0.2,0.2,0.2,0.2,0.2,0.2,0.2,0.2,0.2,0.2,0.2,0.2,0.2,0.2,0.2,0.2,0.2,0.2,0.2,0.2,0.2,0.2,0.2,0.2,0.2,0.2,0.2
0.2,0.2,0.2,0.2,0.2,0.2,0.2,0.200071564301451,0.208891994362553,0.221901941479666,0.309334382789444,0.253513477172324,0.317783703315696,0.34218554305785,0.345140110437971,0.342238555478485,0.336672640639616,0.319502147215296,0.285565090429495,0.249440717326406,0.213296017236966,0.2,0.2,0.2,0.2,0.2,0.2,0.2,0.2,0.2,0.2,0.2,0.2,0.2,0.2,0.2,0.2,0.2,0.2,0.2,0.2,0.2,0.2,0.2,0.2,0.2,0.2,0.2,0.2,0.2,0.2,0.2,0.2,0.2,0.2,0.2,0.2,0.2,0.2,0.2
0.2,0.2,0.2,0.2,0.2,0.2,0.2,0.200000018733608,0.200393833798319,0.201226242927869,0.289047686621356,0.240211483052193,0.327737514712436,0.341234335228308,0.342991884872585,0.340933027665822,0.334992100025649,0.310701854115908,0.285209329602008,0.248005914864242,0.224152129593498,0.207260808602019,0.200000133575957,0.2,0.2,0.2,0.2,0.2,0.2,0.2,0.2,0.2,0.2,0.2,0.2,0.2,0.2,0.2,0.2,0.2,0.2,0.2,0.2,0.2,0.2,0.2,0.2,0.2,0.2,0.2,0.2,0.2,0.2,0.2,0.2,0.2,0.2,0.2,0.2,0.2
0.2,0.2,0.2,0.2,0.2,0.2,0.2,0.200000000000001,0.200000812192724,0.219565606245036,0.268900750281435,0.267751502441233,0.330085994396247,0.338573052043841,0.340502684917047,0.337133217815143,0.329709390712642,0.30261793954266,0.279620959974812,0.244766846273044,0.222836061031905,0.205040245682548,0.200212114516119,0.2000000007241,0.2,0.2,0.2,0.2,0.2,0.2,0.2,0.2,0.2,0.2,0.2,0.2,0.2,0.2,0.2,0.2,0.2,0.2,0.2,0.2,0.2,0.2,0.2,0.2,0.2,0.2,0.2,0.2,0.2,0.2,0.2,0.2,0.2,0.2,0.2,0.2
0.2,0.2,0.2,0.2,0.2,0.2,0.2,0.2,0.200000000004124,0.222091235154333,0.275729065115664,0.31829785658657,0.32954336176993,0.330669712225067,0.338046810797597,0.332728230993401,0.32207192643764,0.295979994217598,0.270353048678922,0.222122368225292,0.203939082846168,0.200307747409369,0.200000441004246,0.200000000000431,0.2,0.2,0.2,0.2,0.2,0.2,0.2,0.2,0.2,0.2,0.2,0.2,0.2,0.2,0.2,0.2,0.2,0.2,0.2,0.2,0.2,0.2,0.2,0.2,0.2,0.2,0.2,0.2,0.2,0.2,0.2,0.2,0.2,0.2,0.2,0.2
0.2,0.2,0.2,0.2,0.2,0.2,0.2,0.2,0.2,0.205733724809307,0.270008640267725,0.318093425863842,0.326289982977246,0.3249782034515,0.337056930786347,0.329101966162484,0.311322177020122,0.288497619713662,0.266666592760027,0.20334007466759,0.200034502531512,0.200000300878858,0.20000000000072,0.2,0.2,0.2,0.2,0.2,0.2,0.2,0.2,0.2,0.2,0.2,0.2,0.2,0.2,0.2,0.2,0.2,0.2,0.2,0.2,0.2,0.2,0.2,0.2,0.2,0.2,0.2,0.2,0.2,0.2,0.2,0.2,0.2,0.2,0.2,0.2,0.2
0.2,0.2,0.2,0.2,0.2,0.2,0.2,0.2,0.2,0.200231373293413,0.265303299243126,0.3173676270429,0.322249427272657,0.322654331482166,0.33344015160732,0.32762525909014,0.310624276216454,0.273362267926615,0.211442327673531,0.20003149854099,0.200000002735631,0.20000000000026,0.2,0.2,0.2,0.2,0.2,0.2,0.2,0.2,0.2,0.2,0.2,0.2,0.2,0.2,0.2,0.2,0.2,0.2,0.2,0.2,0.2,0.2,0.2,0.2,0.2,0.2,0.2,0.2,0.2,0.2,0.2,0.2,0.2,0.2,0.2,0.2,0.2,0.2
0.2,0.2,0.2,0.2,0.2,0.2,0.2,0.2,0.200000000000002,0.200000181547914,0.265050536546389,0.316504377287443,0.318200135575539,0.318187537488807,0.326420698813147,0.327431178909132,0.312035439642949,0.252481478185997,0.200147297978759,0.200000000797818,0.2,0.2,0.2,0.2,0.2,0.2,0.2,0.2,0.2,0.2,0.2,0.2,0.2,0.2,0.2,0.2,0.2,0.2,0.2,0.2,0.2,0.2,0.2,0.2,0.2,0.2,0.2,0.2,0.2,0.2,0.2,0.2,0.2,0.2,0.2,0.2,0.2,0.2,0.2,0.2
0.2,0.2,0.2,0.2,0.2,0.2,0.2,0.2,0.2,0.200000000000087,0.265870660561058,0.31557788543078,0.314823181415737,0.30145996741987,0.314267338089394,0.327198252699312,0.316677508056461,0.307800130836149,0.200000012956756,0.2,0.2,0.2,0.2,0.2,0.2,0.2,0.2,0.2,0.2,0.2,0.2,0.2,0.2,0.2,0.2,0.2,0.2,0.2,0.2,0.2,0.2,0.2,0.2,0.2,0.2,0.2,0.2,0.2,0.2,0.2,0.2,0.2,0.2,0.2,0.2,0.2,0.2,0.2,0.2,0.2
0.2,0.2,0.2,0.2,0.2,0.2,0.2,0.2,0.2,0.2,0.263547812779518,0.314727584343893,0.310228811795387,0.291480476984901,0.312554472515956,0.326930662179084,0.320706037024123,0.312278086919847,0.304033399504746,0.2,0.2,0.2,0.2,0.2,0.2,0.2,0.2,0.2,0.2,0.2,0.2,0.2,0.2,0.2,0.2,0.2,0.2,0.2,0.2,0.2,0.2,0.2,0.2,0.2,0.2,0.2,0.2,0.2,0.2,0.2,0.2,0.2,0.2,0.2,0.2,0.2,0.2,0.2,0.2,0.2
0.2,0.2,0.2,0.2,0.2,0.2,0.2,0.2,0.2,0.2,0.261515941372403,0.313833802194992,0.308616735302316,0.267073860676934,0.323952329156142,0.326736122615334,0.321356368325256,0.314109443593011,0.306205901675376,0.275647230155353,0.2,0.2,0.2,0.2,0.2,0.2,0.2,0.2,0.2,0.2,0.2,0.2,0.2,0.2,0.2,0.2,0.2,0.2,0.2,0.2,0.2,0.2,0.2,0.2,0.2,0.2,0.2,0.2,0.2,0.2,0.2,0.2,0.2,0.2,0.2,0.2,0.2,0.2,0.2,0.2
0.2,0.2,0.2,0.2,0.2,0.2,0.2,0.2,0.200000049949893,0.201272734245684,0.2597027114715,0.31279385208008,0.307376718105061,0.317675133612423,0.324013529489947,0.326262622587701,0.321268175668444,0.314670208878586,0.307621667383136,0.283493193786064,0.219517193147927,0.2,0.2,0.2,0.2,0.2,0.2,0.2,0.2,0.2,0.2,0.2,0.2,0.2,0.2,0.2,0.2,0.2,0.2,0.2,0.2,0.2,0.2,0.2,0.2,0.2,0.2,0.2,0.2,0.2,0.2,0.2,0.2,0.2,0.2,0.2,0.2,0.2,0.2,0.2
0.2,0.2,0.2,0.2,0.2,0.2,0.2,0.200101094664886,0.205191467237209,0.2405780969379,0.267036315319692,0.3101494522199,0.308609682566097,0.318320521910724,0.323160010718147,0.325430778412534,0.320753671413829,0.314072559843085,0.308727361273992,0.297164822438963,0.251457714389663,0.216963309141419,0.2,0.2,0.2,0.2,0.2,0.2,0.2,0.2,0.2,0.2,0.2,0.2,0.2,0.2,0.2,0.2,0.2,0.2,0.2,0.2,0.2,0.2,0.2,0.2,0.2,0.2,0.2,0.2,0.2,0.2,0.2,0.2,0.2,0.2,0.2,0.2,0.2,0.2
0.2,0.2,0.2,0.2,0.2,0.200000002225159,0.200164008623134,0.206550695492266,0.23822828159977,0.27465291297427,0.288378238660922,0.309381094851293,0.311072364133667,0.31842309183107,0.321932735019074,0.324196620605514,0.319880951359434,0.31336282626475,0.308910055939233,0.299625036956771,0.261950363500797,0.217675903788972,0.200717730928259,0.200000111418061,0.200000000000004,0.2,0.2,0.2,0.2,0.2,0.2,0.2,0.2,0.2,0.2,0.2,0.2,0.2,0.2,0.2,0.2,0.2,0.2,0.2,0.2,0.2,0.2,0.2,0.2,0.2,0.2,0.2,0.2,0.2,0.2,0.2,0.2,0.2,0.2,0.2
0.2,0.2,0.2,0.2,0.200000000080799,0.200009957861527,0.203344198085985,0.2226066939938,0.255497368847453,0.279116402028543,0.295762984511302,0.309485769571545,0.312588512131384,0.317604500326113,0.3198491237148,0.322387001742152,0.319323207960421,0.312885853368825,0.308351739831153,0.299247615450087,0.269117404389559,0.228812231167027,0.201578060761518,0.200000211842448,0.200000000000003,0.2,0.2,0.2,0.2,0.2,0.2,0.2,0.2,0.2,0.2,0.2,0.2,0.2,0.2,0.2,0.2,0.2,0.2,0.2,0.2,0.2,0.2,0.2,0.2,0.2,0.2,0.2,0.2,0.2,0.2,0.2,0.2,0.2,0.2,0.2
0.2,0.2,0.2,0.2,0.200000010649946,0.200083927165693,0.208242869918924,0.241479971684727,0.269963633340574,0.285436710698924,0.298922452900383,0.30914416145594,0.310956601846987,0.310942189114216,0.310781556040737,0.319950978913217,0.318811001338137,0.312537690579284,0.307111847551537,0.298228398946347,0.261081970523852,0.210574441168852,0.200006774425832,0.200000000007515,0.2,0.2,0.2,0.2,0.2,0.2,0.2,0.2,0.2,0.2,0.2,0.2,0.2,0.2,0.2,0.2,0.2,0.2,0.2,0.2,0.2,0.2,0.2,0.2,0.2,0.2,0.2,0.2,0.2,0.2,0.2,0.2,0.2,0.2,0.2,0.2
0.2,0.2,0.2,0.200000000000188,0.200000362155688,0.200406891207062,0.218274782270779,0.251163208715991,0.273242897140009,0.28787604129225,0.30096394095109,0.307432569209142,0.307229007205467,0.264421701817088,0.289959969666205,0.317320455109309,0.318313435009152,0.313346794620262,0.305882050127968,0.29659813081234,0.24850020820309,0.201476271605556,0.200000000111767,0.2,0.2,0.2,0.2,0.2,0.2,0.2,0.2,0.2,0.2,0.2,0.2,0.2,0.2,0.2,0.2,0.2,0.2,0.2,0.2,0.2,0.2,0.2,0.2,0.2,0.2,0.2,0.2,0.2,0.2,0.2,0.2,0.2,0.2,0.2,0.2,0.2
0.2,0.2,0.2,0.2,0.200000000000199,0.200000325614196,0.228387323917121,0.258659083160606,0.277595497993922,0.291354877452579,0.301601518250145,0.304951773645824,0.297252791688461,0.226299402223077,0.250994693480289,0.313897762317974,0.317766512174645,0.313760649778252,0.306691124208814,0.295602563163388,0.242080671751125,0.200016261497026,0.200000000002089,0.2,0.2,0.2,0.2,0.2,0.2,0.2,0.2,0.2,0.2,0.2,0.2,0.2,0.2,0.2,0.2,0.2,0.2,0.2,0.2,0.2,0.2,0.2,0.2,0.2,0.2,0.2,0.2,0.2,0.2,0.2,0.2,0.2,0.2,0.2,0.2,0.2
0.2,0.2,0.200000000000001,0.200000029635744,0.200186301412417,0.210720331358147,0.23365845082325,0.263455184382724,0.280227395120712,0.292569596637578,0.300473033865767,0.2439430144959,0.27532140398084,0.208743590049123,0.210827939872437,0.311878866329015,0.317195300024082,0.31268197637641,0.305677633687038,0.292925482333519,0.25025951657618,0.204158222604695,0.200000480069706,0.200000000000004,0.2,0.2,0.2,0.2,0.2,0.2,0.2,0.2,0.2,0.2,0.2,0.2,0.2,0.2,0.2,0.2,0.2,0.2,0.2,0.2,0.2,0.2,0.2,0.2,0.2,0.2,0.2,0.2,0.2,0.2,0.2,0.2,0.2,0.2,0.2,0.2
0.2,0.2,0.200000001018566,0.200026990738462,0.20293050406451,0.215479633659972,0.240282698336482,0.26328800282968,0.277869168277655,0.291135167506449,0.298948054204874,0.213438978470297,0.241531223011594,0.201802923501189,0.21551604909076,0.310429933614782,0.316544082356074,0.311439467092584,0.304274422113047,0.286210172640307,0.236855573686546,0.201813574361445,0.200000028692191,0.2,0.2,0.2,0.2,0.2,0.2,0.2,0.2,0.2,0.2,0.2,0.2,0.2,0.2,0.2,0.2,0.2,0.2,0.2,0.2,0.2,0.2,0.2,0.2,0.2,0.2,0.2,0.2,0.2,0.2,0.2,0.2,0.2,0.2,0.2,0.2,0.2
0.2,0.2,0.200002059079221,0.201327850160139,0.213034190230458,0.228502667346926,0.243645885063769,0.263018350334656,0.278980895104925,0.290804777000198,0.295824343528694,0.21979526251552,0.209690962323889,0.200074216566511,0.231249520712438,0.308602131089418,0.314212303055751,0.309287979100552,0.302531495983913,0.282523728262365,0.217690848966306,0.200291674033268,0.200000150251999,0.200000000000035,0.2,0.2,0.2,0.2,0.2,0.2,0.2,0.2,0.2,0.2,0.2,0.2,0.2,0.2,0.2,0.2,0.2,0.2,0.2,0.2,0.2,0.2,0.2,0.2,0.2,0.2,0.2,0.2,0.2,0.2,0.2,0.2,0.2,0.2,0.2,0.2
0.2,0.2,0.200002274545184,0.200655197007273,0.209318486957194,0.228914243916904,0.247533895979517,0.262532739002862,0.275840272052327,0.283804079573051,0.28129949916092,0.208344737665985,0.200352035715936,0.200000055086094,0.208729920323268,0.300449608060816,0.31064052190099,0.308283817313556,0.299587962968688,0.276509507332584,0.204600749298618,0.200054346337291,0.20000000763537,0.2,0.2,0.2,0.2,0.2,0.2,0.2,0.2,0.2,0.2,0.2,0.2,0.2,0.2,0.2,0.2,0.2,0.2,0.2,0.2,0.2,0.2,0.2,0.2,0.2,0.2,0.2,0.2,0.2,0.2,0.2,0.2,0.2,0.2,0.2,0.2,0.2
0.2,0.200000000000012,0.200000136979548,0.200282851569937,0.209285533674418,0.229219901861394,0.243348618736333,0.250455167153546,0.261618153357989,0.236445400097589,0.256027960462199,0.20452597789523,0.200004021174808,0.200000000000258,0.200410884226762,0.289619397396807,0.306571002726674,0.307270204358082,0.297299926440782,0.269183702067318,0.204402488336125,0.20002865783249,0.200000002157878,0.2,0.2,0.2,0.2,0.2,0.2,0.2,0.2,0.2,0.2,0.2,0.2,0.2,0.2,0.2,0.2,0.2,0.2,0.2,0.2,0.2,0.2,0.2,0.2,0.2,0.2,0.2,0.2,0.2,0.2,0.2,0.2,0.2,0.2,0.2,0.2,0.2
0.2,0.200000000000002,0.200000073215959,0.200244719184873,0.206301196338292,0.221421598950693,0.229556585242263,0.208166377444977,0.218874848929761,0.203677245069774,0.219705894259327,0.20064575703361,0.200000820430094,0.200000000000282,0.200000626198606,0.275018235235331,0.300209188005676,0.306129490748343,0.294602574078727,0.256593417944497,0.216349267896836,0.200530246357714,0.200000542189008,0.200000000000796,0.2,0.2,0.2,0.2,0.2,0.2,0.2,0.2,0.2,0.2,0.2,0.2,0.2,0.2,0.2,0.2,0.2,0.2,0.2,0.2,0.2,0.2,0.2,0.2,0.2,0.2,0.2,0.2,0.2,0.2,0.2,0.2,0.2,0.2,0.2,0.2
0.2,0.2,0.200000007182136,0.200103594394918,0.202892581107103,0.210697618251108,0.20810686330414,0.200118704358972,0.201019847205012,0.200015554948423,0.201971478534241,0.200003399890985,0.200000000006812,0.2,0.200000000001242,0.257062981155212,0.297172939394192,0.304557610233257,0.289503363355696,0.235360369236807,0.205236843502714,0.200031341960341,0.200000000781435,0.2,0.2,0.2,0.2,0.2,0.2,0.2,0.2,0.2,0.2,0.2,0.2,0.2,0.2,0.2,0.2,0.2,0.2,0.2,0.2,0.2,0.2,0.2,0.2,0.2,0.2,0.2,0.2,0.2,0.2,0.2,0.2,0.2,0.2,0.2,0.2,0.2
0.2,0.2,0.2,0.200000513729741,0.200423013366885,0.201524078896964,0.200567875671313,0.200000031490863,0.200002604913613,0.200000000101248,0.200022055607591,0.200000000724563,0.2,0.2,0.2,0.238561405568831,0.294939025543409,0.302290483729119,0.284192338097205,0.213301116561028,0.200529964870389,0.200000473868765,0.200000000000267,0.2,0.2,0.2,0.2,0.2,0.2,0.2,0.2,0.2,0.2,0.2,0.2,0.2,0.2,0.2,0.2,0.2,0.2,0.2,0.2,0.2,0.2,0.2,0.2,0.2,0.2,0.2,0.2,0.2,0.2,0.2,0.2,0.2,0.2,0.2,0.2,0.2
0.2,0.2,0.2,0.20000000000003,0.200002858210516,0.200034844060959,0.200002898293125,0.200000000000002,0.200000000011131,0.2,0.200000002277914,0.2,0.2,0.2,0.2,0.219149333246846,0.292455534057601,0.298919923359362,0.276663202535262,0.20868544429088,0.200184300419342,0.20000009300798,0.200000000000016,0.2,0.2,0.2,0.2,0.2,0.2,0.2,0.2,0.2,0.2,0.2,0.2,0.2,0.2,0.2,0.2,0.2,0.2,0.2,0.2,0.2,0.2,0.2,0.2,0.2,0.2,0.2,0.2,0.2,0.2,0.2,0.2,0.2,0.2,0.2,0.2,0.2
0.2,0.2,0.2,0.2,0.200000000000173,0.200000003134519,0.200000000066224,0.2,0.2,0.2,0.2,0.2,0.2,0.200000000000971,0.200007769495404,0.204704948931082,0.289024594038306,0.294087179379681,0.267679557425152,0.207601200149562,0.200069745874833,0.200000014870838,0.2,0.2,0.2,0.2,0.2,0.2,0.2,0.2,0.2,0.2,0.2,0.2,0.2,0.2,0.2,0.2,0.2,0.2,0.2,0.2,0.2,0.2,0.2,0.2,0.2,0.2,0.2,0.2,0.2,0.2,0.2,0.2,0.2,0.2,0.2,0.2,0.2,0.2
0.2,0.2,0.2,0.2,0.2,0.2,0.2,0.2,0.2,0.2,0.2,0.2,0.2,0.200000004615237,0.20013110707229,0.207187063290368,0.285295203962271,0.289672100128735,0.260890438852914,0.221888169409367,0.201738957289692,0.200010594383199,0.200000000067757,0.2,0.2,0.2,0.2,0.2,0.2,0.2,0.2,0.2,0.2,0.2,0.2,0.2,0.2,0.2,0.2,0.2,0.2,0.2,0.2,0.2,0.2,0.2,0.2,0.2,0.2,0.2,0.2,0.2,0.2,0.2,0.2,0.2,0.2,0.2,0.2,0.2
0.2,0.2,0.2,0.2,0.2,0.2,0.2,0.2,0.2,0.2,0.2,0.2,0.2,0.200021784045437,0.20443843373839,0.225828672977131,0.279377314468871,0.283772362855875,0.255784393810819,0.218045101160753,0.201320231390568,0.200006680150386,0.200000000000163,0.2,0.2,0.2,0.2,0.2,0.2,0.2,0.2,0.2,0.2,0.2,0.2,0.2,0.2,0.2,0.2,0.2,0.2,0.2,0.2,0.2,0.2,0.2,0.2,0.2,0.2,0.2,0.2,0.2,0.2,0.2,0.2,0.2,0.2,0.2,0.2,0.2
0.2,0.2,0.2,0.2,0.2,0.2,0.2,0.2,0.2,0.2,0.2,0.2,0.2,0.200000130669676,0.200233730670633,0.20817028847488,0.266651313778921,0.273565052812792,0.251292336147592,0.212147318712635,0.200625386399891,0.200001765348252,0.200000000038761,0.2,0.2,0.2,0.2,0.2,0.2,0.2,0.2,0.2,0.2,0.2,0.2,0.2,0.2,0.2,0.2,0.2,0.2,0.2,0.2,0.2,0.2,0.2,0.2,0.2,0.2,0.2,0.2,0.2,0.2,0.2,0.2,0.2,0.2,0.2,0.2,0.2
0.2,0.2,0.2,0.2,0.2,0.2,0.2,0.2,0.2,0.2,0.2,0.2,0.2,0.200000000000355,0.200000490496033,0.200335878158857,0.205747804962934,0.26391373202057,0.243053557163185,0.20704593488065,0.200138717692995,0.200000053345817,0.200000000000023,0.2,0.2,0.2,0.2,0.2,0.2,0.2,0.2,0.2,0.2,0.2,0.2,0.2,0.2,0.2,0.2,0.2,0.2,0.2,0.2,0.2,0.2,0.2,0.2,0.2,0.2,0.2,0.2,0.2,0.2,0.2,0.2,0.2,0.2,0.2,0.2,0.2
0.2,0.2,0.2,0.2,0.2,0.2,0.2,0.2,0.2,0.2,0.2,0.2,0.2,0.2,0.20000000000233,0.200000921681186,0.201190191608597,0.246997368700943,0.230535644764038,0.203879394975772,0.200025691409175,0.200000001040533,0.2,0.2,0.2,0.2,0.2,0.2,0.2,0.2,0.2,0.2,0.2,0.2,0.2,0.2,0.2,0.2,0.2,0.2,0.2,0.2,0.2,0.2,0.2,0.2,0.2,0.2,0.2,0.2,0.2,0.2,0.2,0.2,0.2,0.2,0.2,0.2,0.2,0.2
0.2,0.2,0.2,0.2,0.2,0.2,0.2,0.2,0.2,0.2,0.2,0.2,0.2,0.2,0.2,0.200000076471711,0.200373356498036,0.220080170498814,0.215583330320157,0.20110832539525,0.200002114829422,0.200000000005183,0.2,0.2,0.2,0.2,0.2,0.2,0.2,0.2,0.2,0.2,0.2,0.2,0.2,0.2,0.2,0.2,0.2,0.2,0.2,0.2,0.2,0.2,0.2,0.2,0.2,0.2,0.2,0.2,0.2,0.2,0.2,0.2,0.2,0.2,0.2,0.2,0.2,0.2
0.2,0.2,0.2,0.2,0.2,0.2,0.2,0.2,0.2,0.2,0.2,0.2,0.2,0.2,0.2,0.200000000000147,0.200000713059611,0.20102597251511,0.20504839390982,0.200106721228166,0.200000039009484,0.2,0.2,0.2,0.2,0.2,0.2,0.2,0.2,0.2,0.2,0.2,0.2,0.2,0.2,0.2,0.2,0.2,0.2,0.2,0.2,0.2,0.2,0.2,0.2,0.2,0.2,0.2,0.2,0.2,0.2,0.2,0.2,0.2,0.2,0.2,0.2,0.2,0.2,0.2
0.2,0.2,0.2,0.2,0.2,0.2,0.2,0.2,0.2,0.2,0.2,0.2,0.2,0.2,0.2,0.2,0.200000000006416,0.200002623777239,0.200519216314103,0.200000275238678,0.200000000000016,0.2,0.2,0.2,0.2,0.2,0.2,0.2,0.2,0.2,0.2,0.2,0.2,0.2,0.2,0.2,0.2,0.2,0.2,0.2,0.2,0.2,0.2,0.2,0.2,0.2,0.2,0.2,0.2,0.2,0.2,0.2,0.2,0.2,0.2,0.2,0.2,0.2,0.2,0.2
0.2,0.2,0.2,0.2,0.2,0.2,0.2,0.2,0.2,0.2,0.2,0.2,0.2,0.2,0.2,0.2,0.2,0.200000000020847,0.200004422997166,0.200000000000074,0.2,0.2,0.2,0.2,0.2,0.2,0.2,0.2,0.2,0.2,0.2,0.2,0.2,0.2,0.2,0.2,0.2,0.2,0.2,0.2,0.2,0.2,0.2,0.2,0.2,0.2,0.2,0.2,0.2,0.2,0.2,0.2,0.2,0.2,0.2,0.2,0.2,0.2,0.2,0.2
0.2,0.2,0.2,0.2,0.2,0.2,0.2,0.2,0.2,0.2,0.2,0.2,0.2,0.2,0.2,0.2,0.2,0.2,0.20000000004201,0.2,0.2,0.2,0.2,0.2,0.2,0.2,0.2,0.2,0.2,0.2,0.2,0.2,0.2,0.2,0.2,0.2,0.2,0.2,0.2,0.2,0.2,0.2,0.2,0.2,0.2,0.2,0.2,0.2,0.2,0.2,0.2,0.2,0.2,0.2,0.2,0.2,0.2,0.2,0.2,0.2
0.2,0.2,0.2,0.2,0.2,0.2,0.2,0.2,0.2,0.2,0.2,0.2,0.2,0.2,0.2,0.2,0.2,0.2,0.2,0.2,0.2,0.2,0.2,0.2,0.2,0.2,0.2,0.2,0.2,0.2,0.2,0.2,0.2,0.2,0.2,0.2,0.2,0.2,0.2,0.2,0.2,0.2,0.2,0.2,0.2,0.2,0.2,0.2,0.2,0.2,0.2,0.2,0.2,0.2,0.2,0.2,0.2,0.2,0.2,0.2
0.2,0.2,0.2,0.2,0.2,0.2,0.2,0.2,0.2,0.2,0.2,0.2,0.2,0.2,0.2,0.2,0.2,0.2,0.2,0.2,0.2,0.2,0.2,0.2,0.2,0.2,0.2,0.2,0.2,0.2,0.2,0.2,0.2,0.2,0.2,0.2,0.2,0.2,0.2,0.2,0.2,0.2,0.2,0.2,0.2,0.2,0.2,0.2,0.2,0.2,0.2,0.2,0.2,0.2,0.2,0.2,0.2,0.2,0.2,0.2
0.2,0.2,0.2,0.2,0.2,0.2,0.2,0.2,0.2,0.2,0.2,0.2,0.2,0.2,0.2,0.2,0.2,0.2,0.2,0.2,0.2,0.2,0.2,0.2,0.2,0.2,0.2,0.2,0.2,0.2,0.2,0.2,0.2,0.2,0.2,0.2,0.2,0.2,0.2,0.2,0.2,0.2,0.2,0.2,0.2,0.2,0.2,0.2,0.2,0.2,0.2,0.2,0.2,0.2,0.2,0.2,0.2,0.2,0.2,0.2
0.2,0.2,0.2,0.2,0.2,0.2,0.2,0.2,0.2,0.2,0.2,0.2,0.2,0.2,0.2,0.2,0.2,0.2,0.2,0.2,0.2,0.2,0.2,0.2,0.2,0.2,0.2,0.2,0.2,0.2,0.2,0.2,0.2,0.2,0.2,0.2,0.2,0.2,0.2,0.2,0.2,0.2,0.2,0.2,0.2,0.2,0.2,0.2,0.2,0.2,0.2,0.2,0.2,0.2,0.2,0.2,0.2,0.2,0.2,0.2
0.2,0.2,0.2,0.2,0.2,0.2,0.2,0.2,0.2,0.2,0.2,0.2,0.2,0.2,0.2,0.2,0.2,0.2,0.2,0.2,0.2,0.2,0.2,0.2,0.2,0.2,0.2,0.2,0.2,0.2,0.2,0.2,0.2,0.2,0.2,0.2,0.2,0.2,0.2,0.2,0.2,0.2,0.2,0.2,0.2,0.2,0.2,0.2,0.2,0.2,0.2,0.2,0.2,0.2,0.2,0.2,0.2,0.2,0.2,0.2
0.2,0.2,0.2,0.2,0.2,0.2,0.2,0.2,0.2,0.2,0.2,0.2,0.2,0.2,0.2,0.2,0.2,0.2,0.2,0.2,0.2,0.2,0.2,0.2,0.2,0.2,0.2,0.2,0.2,0.2,0.2,0.2,0.2,0.2,0.2,0.2,0.2,0.2,0.2,0.2,0.2,0.2,0.2,0.2,0.2,0.2,0.2,0.2,0.2,0.2,0.2,0.2,0.2,0.2,0.2,0.2,0.2,0.2,0.2,0.2
0.2,0.2,0.2,0.2,0.2,0.2,0.2,0.2,0.2,0.2,0.2,0.2,0.2,0.2,0.2,0.2,0.2,0.2,0.2,0.2,0.2,0.2,0.2,0.2,0.2,0.2,0.2,0.2,0.2,0.2,0.2,0.2,0.2,0.2,0.2,0.2,0.2,0.2,0.2,0.2,0.2,0.2,0.2,0.2,0.2,0.2,0.2,0.2,0.2,0.2,0.2,0.2,0.2,0.2,0.2,0.2,0.2,0.2,0.2,0.2
0.2,0.2,0.2,0.2,0.2,0.2,0.2,0.2,0.2,0.2,0.2,0.2,0.2,0.2,0.2,0.2,0.2,0.2,0.2,0.2,0.2,0.2,0.2,0.2,0.2,0.2,0.2,0.2,0.2,0.2,0.2,0.2,0.2,0.2,0.2,0.2,0.2,0.2,0.2,0.2,0.2,0.2,0.2,0.2,0.2,0.2,0.2,0.2,0.2,0.2,0.2,0.2,0.2,0.2,0.2,0.2,0.2,0.2,0.2,0.2
0.2,0.2,0.2,0.2,0.2,0.2,0.2,0.2,0.2,0.2,0.2,0.2,0.2,0.2,0.2,0.2,0.2,0.2,0.2,0.2,0.2,0.2,0.2,0.2,0.2,0.2,0.2,0.2,0.2,0.2,0.2,0.2,0.2,0.2,0.2,0.2,0.2,0.2,0.2,0.2,0.2,0.2,0.2,0.2,0.2,0.2,0.2,0.2,0.2,0.2,0.2,0.2,0.2,0.2,0.2,0.2,0.2,0.2,0.2,0.2
0.2,0.2,0.2,0.2,0.2,0.2,0.2,0.2,0.2,0.2,0.2,0.2,0.2,0.2,0.2,0.2,0.2,0.2,0.2,0.2,0.2,0.2,0.2,0.2,0.2,0.2,0.2,0.2,0.2,0.2,0.2,0.2,0.2,0.2,0.2,0.2,0.2,0.2,0.2,0.2,0.2,0.2,0.2,0.2,0.2,0.2,0.2,0.2,0.2,0.2,0.2,0.2,0.2,0.2,0.2,0.2,0.2,0.2,0.2,0.2
0.2,0.2,0.2,0.2,0.2,0.2,0.2,0.2,0.2,0.2,0.2,0.2,0.2,0.2,0.2,0.2,0.2,0.2,0.2,0.2,0.2,0.2,0.2,0.2,0.2,0.2,0.2,0.2,0.2,0.2,0.2,0.2,0.2,0.2,0.2,0.2,0.2,0.2,0.2,0.2,0.2,0.2,0.2,0.2,0.2,0.2,0.2,0.2,0.2,0.2,0.2,0.2,0.2,0.2,0.2,0.2,0.2,0.2,0.2,0.2
0.2,0.2,0.2,0.2,0.2,0.2,0.2,0.2,0.2,0.2,0.2,0.2,0.2,0.2,0.2,0.2,0.2,0.2,0.2,0.2,0.2,0.2,0.2,0.2,0.2,0.2,0.2,0.2,0.2,0.2,0.2,0.2,0.2,0.2,0.2,0.2,0.2,0.2,0.2,0.2,0.2,0.2,0.2,0.2,0.2,0.2,0.2,0.2,0.2,0.2,0.2,0.2,0.2,0.2,0.2,0.2,0.2,0.2,0.2,0.2
0.2,0.2,0.2,0.2,0.2,0.2,0.2,0.2,0.2,0.2,0.2,0.2,0.2,0.2,0.2,0.2,0.2,0.2,0.2,0.2,0.2,0.2,0.2,0.2,0.2,0.2,0.2,0.2,0.2,0.2,0.2,0.2,0.2,0.2,0.2,0.2,0.2,0.2,0.2,0.2,0.2,0.2,0.2,0.2,0.2,0.2,0.2,0.2,0.2,0.2,0.2,0.2,0.2,0.2,0.2,0.2,0.2,0.2,0.2,0.2
0.2,0.2,0.2,0.2,0.2,0.2,0.2,0.2,0.2,0.2,0.2,0.2,0.2,0.2,0.2,0.2,0.2,0.2,0.2,0.2,0.2,0.2,0.2,0.2,0.2,0.2,0.2,0.2,0.2,0.2,0.2,0.2,0.2,0.2,0.2,0.2,0.2,0.2,0.2,0.2,0.2,0.2,0.2,0.2,0.2,0.2,0.2,0.2,0.2,0.2,0.2,0.2,0.2,0.2,0.2,0.2,0.2,0.2,0.2,0.2
0.2,0.2,0.2,0.2,0.2,0.2,0.2,0.2,0.2,0.2,0.2,0.2,0.2,0.2,0.2,0.2,0.2,0.2,0.2,0.2,0.2,0.2,0.2,0.2,0.2,0.2,0.2,0.2,0.2,0.2,0.2,0.2,0.2,0.2,0.2,0.2,0.2,0.2,0.2,0.2,0.2,0.2,0.2,0.2,0.2,0.2,0.2,0.2,0.2,0.2,0.2,0.2,0.2,0.2,0.2,0.2,0.2,0.2,0.2,0.2
0.2,0.2,0.2,0.2,0.2,0.2,0.2,0.2,0.2,0.2,0.2,0.2,0.2,0.2,0.2,0.2,0.2,0.2,0.2,0.2,0.2,0.2,0.2,0.2,0.2,0.2,0.2,0.2,0.2,0.2,0.2,0.2,0.2,0.2,0.2,0.2,0.2,0.2,0.2,0.2,0.2,0.2,0.2,0.2,0.2,0.2,0.2,0.2,0.2,0.2,0.2,0.2,0.2,0.2,0.2,0.2,0.2,0.2,0.2,0.2
0.2,0.2,0.2,0.2,0.2,0.2,0.2,0.2,0.2,0.2,0.2,0.2,0.2,0.2,0.2,0.2,0.2,0.2,0.2,0.2,0.2,0.2,0.2,0.2,0.2,0.2,0.2,0.2,0.2,0.2,0.2,0.2,0.2,0.2,0.2,0.2,0.2,0.2,0.2,0.2,0.2,0.2,0.2,0.2,0.2,0.2,0.2,0.2,0.2,0.2,0.2,0.2,0.2,0.2,0.2,0.2,0.2,0.2,0.2,0.2
0.2,0.2,0.2,0.2,0.2,0.2,0.2,0.2,0.2,0.2,0.2,0.2,0.2,0.2,0.2,0.2,0.2,0.2,0.2,0.2,0.2,0.2,0.2,0.2,0.2,0.2,0.2,0.2,0.2,0.2,0.2,0.2,0.2,0.2,0.2,0.2,0.2,0.2,0.2,0.2,0.2,0.2,0.2,0.2,0.2,0.2,0.2,0.2,0.2,0.2,0.2,0.2,0.2,0.2,0.2,0.2,0.2,0.2,0.2,0.2
0.2,0.2,0.2,0.2,0.2,0.2,0.2,0.2,0.2,0.2,0.2,0.2,0.2,0.2,0.2,0.2,0.2,0.2,0.2,0.2,0.2,0.2,0.2,0.2,0.2,0.2,0.2,0.2,0.2,0.2,0.2,0.2,0.2,0.2,0.2,0.2,0.2,0.2,0.2,0.2,0.2,0.2,0.2,0.2,0.2,0.2,0.2,0.2,0.2,0.2,0.2,0.2,0.2,0.2,0.2,0.2,0.2,0.2,0.2,0.2
0.2,0.2,0.2,0.2,0.2,0.2,0.2,0.2,0.2,0.2,0.2,0.2,0.2,0.2,0.2,0.2,0.2,0.2,0.2,0.2,0.2,0.2,0.2,0.2,0.2,0.2,0.2,0.2,0.2,0.2,0.2,0.2,0.2,0.2,0.2,0.2,0.2,0.2,0.2,0.2,0.2,0.2,0.2,0.2,0.2,0.2,0.2,0.2,0.2,0.2,0.2,0.2,0.2,0.2,0.2,0.2,0.2,0.2,0.2,0.2
0.2,0.2,0.2,0.2,0.2,0.2,0.2,0.2,0.2,0.2,0.2,0.2,0.2,0.2,0.2,0.2,0.2,0.2,0.2,0.2,0.2,0.2,0.2,0.2,0.2,0.2,0.2,0.2,0.2,0.2,0.2,0.2,0.2,0.2,0.2,0.2,0.2,0.2,0.2,0.2,0.2,0.2,0.2,0.2,0.2,0.2,0.2,0.2,0.2,0.2,0.2,0.2,0.2,0.2,0.2,0.2,0.2,0.2,0.2,0.2
0.2,0.2,0.2,0.2,0.2,0.2,0.2,0.2,0.2,0.2,0.2,0.2,0.2,0.2,0.2,0.2,0.2,0.2,0.2,0.2,0.2,0.2,0.2,0.2,0.2,0.2,0.2,0.2,0.2,0.2,0.2,0.2,0.2,0.2,0.2,0.2,0.2,0.2,0.2,0.2,0.2,0.2,0.2,0.2,0.2,0.2,0.2,0.2,0.2,0.2,0.2,0.2,0.2,0.2,0.2,0.2,0.2,0.2,0.2,0.2
0.2,0.2,0.2,0.2,0.2,0.2,0.2,0.2,0.2,0.2,0.2,0.2,0.2,0.2,0.2,0.2,0.2,0.2,0.2,0.2,0.2,0.2,0.2,0.2,0.2,0.2,0.2,0.2,0.2,0.2,0.2,0.2,0.2,0.2,0.2,0.2,0.2,0.2,0.2,0.2,0.2,0.2,0.2,0.2,0.2,0.2,0.2,0.2,0.2,0.2,0.2,0.2,0.2,0.2,0.2,0.2,0.2,0.2,0.2,0.2
0.2,0.2,0.2,0.2,0.2,0.2,0.2,0.2,0.2,0.2,0.2,0.2,0.2,0.2,0.2,0.2,0.2,0.2,0.2,0.2,0.2,0.2,0.2,0.2,0.2,0.2,0.2,0.2,0.2,0.2,0.2,0.2,0.2,0.2,0.2,0.2,0.2,0.2,0.2,0.2,0.2,0.2,0.2,0.2,0.2,0.2,0.2,0.2,0.2,0.2,0.2,0.2,0.2,0.2,0.2,0.2,0.2,0.2,0.2,0.2
0.2,0.2,0.2,0.2,0.2,0.2,0.2,0.2,0.2,0.2,0.2,0.2,0.2,0.2,0.2,0.2,0.2,0.2,0.2,0.2,0.2,0.2,0.2,0.2,0.2,0.2,0.2,0.2,0.2,0.2,0.2,0.2,0.2,0.2,0.2,0.2,0.2,0.2,0.2,0.2,0.2,0.2,0.2,0.2,0.2,0.2,0.2,0.2,0.2,0.2,0.2,0.2,0.2,0.2,0.2,0.2,0.2,0.2,0.2,0.2
0.2,0.2,0.2,0.2,0.2,0.2,0.2,0.2,0.2,0.2,0.2,0.2,0.2,0.2,0.2,0.2,0.2,0.2,0.2,0.2,0.2,0.2,0.2,0.2,0.2,0.2,0.2,0.2,0.2,0.2,0.2,0.2,0.2,0.2,0.2,0.2,0.2,0.2,0.2,0.2,0.2,0.2,0.2,0.2,0.2,0.2,0.2,0.2,0.2,0.2,0.2,0.2,0.2,0.2,0.2,0.2,0.2,0.2,0.2,0.2
0.2,0.2,0.2,0.2,0.2,0.2,0.2,0.2,0.2,0.2,0.2,0.2,0.2,0.2,0.2,0.2,0.2,0.2,0.2,0.2,0.2,0.2,0.2,0.2,0.2,0.2,0.2,0.2,0.2,0.2,0.2,0.2,0.2,0.2,0.2,0.2,0.2,0.2,0.2,0.2,0.2,0.2,0.2,0.2,0.2,0.2,0.2,0.2,0.2,0.2,0.2,0.2,0.2,0.2,0.2,0.2,0.2,0.2,0.2,0.2
0.2,0.2,0.2,0.2,0.2,0.2,0.2,0.2,0.2,0.2,0.2,0.2,0.2,0.2,0.2,0.2,0.2,0.2,0.2,0.2,0.2,0.2,0.2,0.2,0.2,0.2,0.2,0.2,0.2,0.2,0.2,0.2,0.2,0.2,0.2,0.2,0.2,0.2,0.2,0.2,0.2,0.2,0.2,0.2,0.2,0.2,0.2,0.2,0.2,0.2,0.2,0.2,0.2,0.2,0.2,0.2,0.2,0.2,0.2,0.2
0.2,0.2,0.2,0.2,0.2,0.2,0.2,0.2,0.2,0.2,0.2,0.2,0.2,0.2,0.2,0.2,0.2,0.2,0.2,0.2,0.2,0.2,0.2,0.2,0.2,0.2,0.2,0.2,0.2,0.2,0.2,0.2,0.2,0.2,0.2,0.2,0.2,0.2,0.2,0.2,0.2,0.2,0.2,0.2,0.2,0.2,0.2,0.2,0.2,0.2,0.2,0.2,0.2,0.2,0.2,0.2,0.2,0.2,0.2,0.2
0.2,0.2,0.2,0.2,0.2,0.2,0.2,0.2,0.2,0.2,0.2,0.2,0.2,0.2,0.2,0.2,0.2,0.2,0.2,0.2,0.2,0.2,0.2,0.2,0.2,0.2,0.2,0.2,0.2,0.2,0.2,0.2,0.2,0.2,0.2,0.2,0.2,0.2,0.2,0.2,0.2,0.2,0.2,0.2,0.2,0.2,0.2,0.2,0.2,0.2,0.2,0.2,0.2,0.2,0.2,0.2,0.2,0.2,0.2,0.2
0.2,0.2,0.2,0.2,0.2,0.2,0.2,0.2,0.2,0.2,0.2,0.2,0.2,0.2,0.2,0.2,0.2,0.2,0.2,0.2,0.2,0.2,0.2,0.2,0.2,0.2,0.2,0.2,0.2,0.2,0.2,0.2,0.2,0.2,0.2,0.2,0.2,0.2,0.2,0.2,0.2,0.2,0.2,0.2,0.2,0.2,0.2,0.2,0.2,0.2,0.2,0.2,0.2,0.2,0.2,0.2,0.2,0.2,0.2,0.2
0.2,0.2,0.2,0.2,0.2,0.2,0.2,0.2,0.2,0.2,0.2,0.2,0.2,0.2,0.2,0.2,0.2,0.2,0.2,0.2,0.2,0.2,0.2,0.2,0.2,0.2,0.2,0.2,0.2,0.2,0.2,0.2,0.2,0.2,0.2,0.2,0.2,0.2,0.2,0.2,0.2,0.2,0.2,0.2,0.2,0.2,0.2,0.2,0.2,0.2,0.2,0.2,0.2,0.2,0.2,0.2,0.2,0.2,0.2,0.2
0.2,0.2,0.2,0.2,0.2,0.2,0.2,0.2,0.2,0.2,0.2,0.2,0.2,0.2,0.2,0.2,0.2,0.2,0.2,0.2,0.2,0.2,0.2,0.2,0.2,0.2,0.2,0.2,0.2,0.2,0.2,0.2,0.2,0.2,0.2,0.2,0.2,0.2,0.2,0.2,0.2,0.2,0.2,0.2,0.2,0.2,0.2,0.2,0.2,0.2,0.2,0.2,0.2,0.2,0.2,0.2,0.2,0.2,0.2,0.2
0.2,0.2,0.2,0.2,0.2,0.2,0.2,0.2,0.2,0.2,0.2,0.2,0.2,0.2,0.2,0.2,0.2,0.2,0.2,0.2,0.2,0.2,0.2,0.2,0.2,0.2,0.2,0.2,0.2,0.2,0.2,0.2,0.2,0.2,0.2,0.2,0.2,0.2,0.2,0.2,0.2,0.2,0.2,0.2,0.2,0.2,0.2,0.2,0.2,0.2,0.2,0.2,0.2,0.2,0.2,0.2,0.2,0.2,0.2,0.2
0.2,0.2,0.2,0.2,0.2,0.2,0.2,0.2,0.2,0.2,0.2,0.2,0.2,0.2,0.2,0.2,0.2,0.2,0.2,0.2,0.2,0.2,0.2,0.2,0.2,0.2,0.2,0.2,0.2,0.2,0.2,0.2,0.2,0.2,0.2,0.2,0.2,0.2,0.2,0.2,0.2,0.2,0.2,0.2,0.2,0.2,0.2,0.2,0.2,0.2,0.2,0.2,0.2,0.2,0.2,0.2,0.2,0.2,0.2,0.2
0.2,0.2,0.2,0.2,0.2,0.2,0.2,0.2,0.2,0.2,0.2,0.2,0.2,0.2,0.2,0.2,0.2,0.2,0.2,0.2,0.2,0.2,0.2,0.2,0.2,0.2,0.2,0.2,0.2,0.2,0.2,0.2,0.2,0.2,0.2,0.2,0.2,0.2,0.2,0.2,0.2,0.2,0.2,0.2,0.2,0.2,0.2,0.2,0.2,0.2,0.2,0.2,0.2,0.2,0.2,0.2,0.2,0.2,0.2,0.2
0.2,0.2,0.2,0.2,0.2,0.2,0.2,0.2,0.2,0.2,0.2,0.2,0.2,0.2,0.2,0.2,0.2,0.2,0.2,0.2,0.2,0.2,0.2,0.2,0.2,0.2,0.2,0.2,0.2,0.2,0.2,0.2,0.2,0.2,0.2,0.2,0.2,0.2,0.2,0.2,0.2,0.2,0.2,0.2,0.2,0.2,0.2,0.2,0.2,0.2,0.2,0.2,0.2,0.2,0.2,0.2,0.2,0.2,0.2,0.2
0.2,0.2,0.2,0.2,0.2,0.2,0.2,0.2,0.2,0.2,0.2,0.2,0.2,0.2,0.2,0.2,0.2,0.2,0.2,0.2,0.2,0.2,0.2,0.2,0.2,0.2,0.2,0.2,0.2,0.2,0.2,0.2,0.2,0.2,0.2,0.2,0.2,0.2,0.2,0.2,0.2,0.2,0.2,0.2,0.2,0.2,0.2,0.2,0.2,0.2,0.2,0.2,0.2,0.2,0.2,0.2,0.2,0.2,0.2,0.2
0.2,0.2,0.2,0.2,0.2,0.2,0.2,0.2,0.2,0.2,0.2,0.2,0.2,0.2,0.2,0.2,0.2,0.2,0.2,0.2,0.2,0.2,0.2,0.2,0.2,0.2,0.2,0.2,0.2,0.2,0.2,0.2,0.2,0.2,0.2,0.2,0.2,0.2,0.2,0.2,0.2,0.2,0.2,0.2,0.2,0.2,0.2,0.2,0.2,0.2,0.2,0.2,0.2,0.2,0.2,0.2,0.2,0.2,0.2,0.2
0.2,0.2,0.2,0.2,0.2,0.2,0.2,0.2,0.2,0.2,0.2,0.2,0.2,0.2,0.2,0.2,0.2,0.2,0.2,0.2,0.2,0.2,0.2,0.2,0.2,0.2,0.2,0.2,0.2,0.2,0.2,0.2,0.2,0.2,0.2,0.2,0.2,0.2,0.2,0.2,0.2,0.2,0.2,0.2,0.2,0.2,0.2,0.2,0.2,0.2,0.2,0.2,0.2,0.2,0.2,0.2,0.2,0.2,0.2,0.2
0.2,0.2,0.2,0.2,0.2,0.2,0.2,0.2,0.2,0.2,0.2,0.2,0.2,0.2,0.2,0.2,0.2,0.2,0.2,0.2,0.2,0.2,0.2,0.2,0.2,0.2,0.2,0.2,0.2,0.2,0.2,0.2,0.2,0.2,0.2,0.2,0.2,0.2,0.2,0.2,0.2,0.2,0.2,0.2,0.2,0.2,0.2,0.2,0.2,0.2,0.2,0.2,0.2,0.2,0.2,0.2,0.2,0.2,0.2,0.2
0.2,0.2,0.2,0.2,0.2,0.2,0.2,0.2,0.2,0.2,0.2,0.2,0.2,0.2,0.2,0.2,0.2,0.2,0.2,0.2,0.2,0.2,0.2,0.2,0.2,0.2,0.2,0.2,0.2,0.2,0.2,0.2,0.2,0.2,0.2,0.2,0.2,0.2,0.2,0.2,0.2,0.2,0.2,0.2,0.2,0.2,0.2,0.2,0.2,0.2,0.2,0.2,0.2,0.2,0.2,0.2,0.2,0.2,0.2,0.2
0.2,0.2,0.2,0.2,0.2,0.2,0.2,0.2,0.2,0.2,0.2,0.2,0.2,0.2,0.2,0.2,0.2,0.2,0.2,0.2,0.2,0.2,0.2,0.2,0.2,0.2,0.2,0.2,0.2,0.2,0.2,0.2,0.2,0.2,0.2,0.2,0.2,0.2,0.2,0.2,0.2,0.2,0.2,0.2,0.2,0.2,0.2,0.2,0.2,0.2,0.2,0.2,0.2,0.2,0.2,0.2,0.2,0.2,0.2,0.2
0.2,0.2,0.2,0.2,0.2,0.2,0.2,0.2,0.2,0.2,0.2,0.2,0.2,0.2,0.2,0.2,0.2,0.2,0.2,0.2,0.2,0.2,0.2,0.2,0.2,0.2,0.2,0.2,0.2,0.2,0.2,0.2,0.2,0.2,0.2,0.2,0.2,0.2,0.2,0.2,0.2,0.2,0.2,0.2,0.2,0.2,0.2,0.2,0.2,0.2,0.2,0.2,0.2,0.2,0.2,0.2,0.2,0.2,0.2,0.2
0.2,0.2,0.2,0.2,0.2,0.2,0.2,0.2,0.2,0.2,0.2,0.2,0.2,0.2,0.2,0.2,0.2,0.2,0.2,0.2,0.2,0.2,0.2,0.2,0.2,0.2,0.2,0.2,0.2,0.2,0.2,0.2,0.2,0.2,0.2,0.2,0.2,0.2,0.2,0.2,0.2,0.2,0.2,0.2,0.2,0.2,0.2,0.2,0.2,0.2,0.2,0.2,0.2,0.2,0.2,0.2,0.2,0.2,0.2,0.2
0.2,0.2,0.2,0.2,0.2,0.2,0.2,0.2,0.2,0.2,0.2,0.2,0.2,0.2,0.2,0.2,0.2,0.2,0.2,0.2,0.2,0.2,0.2,0.2,0.2,0.2,0.2,0.2,0.2,0.2,0.2,0.2,0.2,0.2,0.2,0.2,0.2,0.2,0.2,0.2,0.2,0.2,0.2,0.2,0.2,0.2,0.2,0.2,0.2,0.2,0.2,0.2,0.2,0.2,0.2,0.2,0.2,0.2,0.2,0.2
0.2,0.2,0.2,0.2,0.2,0.2,0.2,0.2,0.2,0.2,0.2,0.2,0.2,0.2,0.2,0.2,0.2,0.2,0.2,0.2,0.2,0.2,0.2,0.2,0.2,0.2,0.2,0.2,0.2,0.2,0.2,0.2,0.2,0.2,0.2,0.2,0.2,0.2,0.2,0.2,0.2,0.2,0.2,0.2,0.2,0.2,0.2,0.2,0.2,0.2,0.2,0.2,0.2,0.2,0.2,0.2,0.2,0.2,0.2,0.2
0.2,0.2,0.2,0.2,0.2,0.2,0.2,0.2,0.2,0.2,0.2,0.2,0.2,0.2,0.2,0.2,0.2,0.2,0.2,0.2,0.2,0.2,0.2,0.2,0.2,0.2,0.2,0.2,0.2,0.2,0.2,0.2,0.2,0.2,0.2,0.2,0.2,0.2,0.2,0.2,0.2,0.2,0.2,0.2,0.2,0.2,0.2,0.2,0.2,0.2,0.2,0.2,0.2,0.2,0.2,0.2,0.2,0.2,0.2,0.2
0.2,0.2,0.2,0.2,0.2,0.2,0.2,0.2,0.2,0.2,0.2,0.2,0.2,0.2,0.2,0.2,0.2,0.2,0.2,0.2,0.2,0.2,0.2,0.2,0.2,0.2,0.2,0.2,0.2,0.2,0.2,0.2,0.2,0.2,0.2,0.2,0.2,0.2,0.2,0.2,0.2,0.2,0.2,0.2,0.2,0.2,0.2,0.2,0.2,0.2,0.2,0.2,0.2,0.2,0.2,0.2,0.2,0.2,0.2,0.2
0.2,0.2,0.2,0.2,0.2,0.2,0.2,0.2,0.2,0.2,0.2,0.2,0.2,0.2,0.2,0.2,0.2,0.2,0.2,0.2,0.2,0.2,0.2,0.2,0.2,0.2,0.2,0.2,0.2,0.2,0.2,0.2,0.2,0.2,0.2,0.2,0.2,0.2,0.2,0.2,0.2,0.2,0.2,0.2,0.2,0.2,0.2,0.2,0.2,0.2,0.2,0.2,0.2,0.2,0.2,0.2,0.2,0.2,0.2,0.2
0.2,0.2,0.2,0.2,0.2,0.2,0.2,0.2,0.2,0.2,0.2,0.2,0.2,0.2,0.2,0.2,0.2,0.2,0.2,0.2,0.2,0.2,0.2,0.2,0.2,0.2,0.2,0.2,0.2,0.2,0.2,0.2,0.2,0.2,0.2,0.2,0.2,0.2,0.2,0.2,0.2,0.2,0.2,0.2,0.2,0.2,0.2,0.2,0.2,0.2,0.2,0.2,0.2,0.2,0.2,0.2,0.2,0.2,0.2,0.2
0.2,0.2,0.2,0.2,0.2,0.2,0.2,0.2,0.2,0.2,0.2,0.2,0.2,0.2,0.2,0.2,0.2,0.2,0.2,0.2,0.2,0.2,0.2,0.2,0.2,0.2,0.2,0.2,0.2,0.2,0.2,0.2,0.2,0.2,0.2,0.2,0.2,0.2,0.2,0.2,0.2,0.2,0.2,0.2,0.2,0.2,0.2,0.2,0.2,0.2,0.2,0.2,0.2,0.2,0.2,0.2,0.2,0.2,0.2,0.2
0.2,0.2,0.2,0.2,0.2,0.2,0.2,0.2,0.2,0.2,0.2,0.2,0.2,0.2,0.2,0.2,0.2,0.2,0.2,0.2,0.2,0.2,0.2,0.2,0.2,0.2,0.2,0.2,0.2,0.2,0.2,0.2,0.2,0.2,0.2,0.2,0.2,0.2,0.2,0.2,0.2,0.2,0.2,0.2,0.2,0.2,0.2,0.2,0.2,0.2,0.2,0.2,0.2,0.2,0.2,0.2,0.2,0.2,0.2,0.2
0.2,0.2,0.2,0.2,0.2,0.2,0.2,0.2,0.2,0.2,0.2,0.2,0.2,0.2,0.2,0.2,0.2,0.2,0.2,0.2,0.2,0.2,0.2,0.2,0.2,0.2,0.2,0.2,0.2,0.2,0.2,0.2,0.2,0.2,0.2,0.2,0.2,0.2,0.2,0.2,0.2,0.2,0.2,0.2,0.2,0.2,0.2,0.2,0.2,0.2,0.2,0.2,0.2,0.2,0.2,0.2,0.2,0.2,0.2,0.2
0.2,0.2,0.2,0.2,0.2,0.2,0.2,0.2,0.2,0.2,0.2,0.2,0.2,0.2,0.2,0.2,0.2,0.2,0.2,0.2,0.2,0.2,0.2,0.2,0.2,0.2,0.2,0.2,0.2,0.2,0.2,0.2,0.2,0.2,0.2,0.2,0.2,0.2,0.2,0.2,0.2,0.2,0.2,0.2,0.2,0.2,0.2,0.2,0.2,0.2,0.2,0.2,0.2,0.2,0.2,0.2,0.2,0.2,0.2,0.2
0.2,0.2,0.2,0.2,0.2,0.2,0.2,0.2,0.2,0.2,0.2,0.2,0.2,0.2,0.2,0.2,0.2,0.2,0.2,0.2,0.2,0.2,0.2,0.2,0.2,0.2,0.2,0.2,0.2,0.2,0.2,0.2,0.2,0.2,0.2,0.2,0.2,0.2,0.2,0.2,0.2,0.2,0.2,0.2,0.2,0.2,0.2,0.2,0.2,0.2,0.2,0.2,0.2,0.2,0.2,0.2,0.2,0.2,0.2,0.2
0.2,0.2,0.2,0.2,0.2,0.2,0.2,0.2,0.2,0.2,0.2,0.2,0.2,0.2,0.2,0.2,0.2,0.2,0.2,0.2,0.2,0.2,0.2,0.2,0.2,0.2,0.2,0.2,0.2,0.2,0.2,0.2,0.2,0.2,0.2,0.2,0.2,0.2,0.2,0.2,0.2,0.2,0.2,0.2,0.2,0.2,0.2,0.2,0.2,0.2,0.2,0.2,0.2,0.2,0.2,0.2,0.2,0.2,0.2,0.2
0.2,0.2,0.2,0.2,0.2,0.2,0.2,0.2,0.2,0.2,0.2,0.2,0.2,0.2,0.2,0.2,0.2,0.2,0.2,0.2,0.2,0.2,0.2,0.2,0.2,0.2,0.2,0.2,0.2,0.2,0.2,0.2,0.2,0.2,0.2,0.2,0.2,0.2,0.2,0.2,0.2,0.2,0.2,0.2,0.2,0.2,0.2,0.2,0.2,0.2,0.2,0.2,0.2,0.2,0.2,0.2,0.2,0.2,0.2,0.2
0.2,0.2,0.2,0.2,0.2,0.2,0.2,0.2,0.2,0.2,0.2,0.2,0.2,0.2,0.2,0.2,0.2,0.2,0.2,0.2,0.2,0.2,0.2,0.2,0.2,0.2,0.2,0.2,0.2,0.2,0.2,0.2,0.2,0.2,0.2,0.2,0.2,0.2,0.2,0.2,0.2,0.2,0.2,0.2,0.2,0.2,0.2,0.2,0.2,0.2,0.2,0.2,0.2,0.2,0.2,0.2,0.2,0.2,0.2,0.2
0.2,0.2,0.2,0.2,0.2,0.2,0.2,0.2,0.2,0.2,0.2,0.2,0.2,0.2,0.2,0.2,0.2,0.2,0.2,0.2,0.2,0.2,0.2,0.2,0.2,0.2,0.2,0.2,0.2,0.2,0.2,0.2,0.2,0.2,0.2,0.2,0.2,0.2,0.2,0.2,0.2,0.2,0.2,0.2,0.2,0.2,0.2,0.2,0.2,0.2,0.2,0.2,0.2,0.2,0.2,0.2,0.2,0.2,0.2,0.2
0.2,0.2,0.2,0.2,0.2,0.2,0.2,0.2,0.2,0.2,0.2,0.2,0.2,0.2,0.2,0.2,0.2,0.2,0.2,0.2,0.2,0.2,0.2,0.2,0.2,0.2,0.2,0.2,0.2,0.2,0.2,0.2,0.2,0.2,0.2,0.2,0.2,0.2,0.2,0.2,0.2,0.2,0.2,0.2,0.2,0.2,0.2,0.2,0.2,0.2,0.2,0.2,0.2,0.2,0.2,0.2,0.2,0.2,0.2,0.2
0.2,0.2,0.2,0.2,0.2,0.2,0.2,0.2,0.2,0.2,0.2,0.2,0.2,0.2,0.2,0.2,0.2,0.2,0.2,0.2,0.2,0.2,0.2,0.2,0.2,0.2,0.2,0.2,0.2,0.2,0.2,0.2,0.2,0.2,0.2,0.2,0.2,0.2,0.2,0.2,0.2,0.2,0.2,0.2,0.2,0.2,0.2,0.2,0.2,0.2,0.2,0.2,0.2,0.2,0.2,0.2,0.2,0.2,0.2,0.2
0.2,0.2,0.2,0.2,0.2,0.2,0.2,0.2,0.2,0.2,0.2,0.2,0.2,0.2,0.2,0.2,0.2,0.2,0.2,0.2,0.2,0.2,0.2,0.2,0.2,0.2,0.2,0.2,0.2,0.2,0.2,0.2,0.2,0.2,0.2,0.2,0.2,0.2,0.2,0.2,0.2,0.2,0.2,0.2,0.2,0.2,0.2,0.2,0.2,0.2,0.2,0.2,0.2,0.2,0.2,0.2,0.2,0.2,0.2,0.2
0.2,0.2,0.2,0.2,0.2,0.2,0.2,0.2,0.2,0.2,0.2,0.2,0.2,0.2,0.2,0.2,0.2,0.2,0.2,0.2,0.2,0.2,0.2,0.2,0.2,0.2,0.2,0.2,0.2,0.2,0.2,0.2,0.2,0.2,0.2,0.2,0.2,0.2,0.2,0.2,0.2,0.2,0.2,0.2,0.2,0.2,0.2,0.2,0.2,0.2,0.2,0.2,0.2,0.2,0.2,0.2,0.2,0.2,0.2,0.2
0.2,0.2,0.2,0.2,0.2,0.2,0.2,0.2,0.2,0.2,0.2,0.2,0.2,0.2,0.2,0.2,0.2,0.2,0.2,0.2,0.2,0.2,0.2,0.2,0.2,0.2,0.2,0.2,0.2,0.2,0.2,0.2,0.2,0.2,0.2,0.2,0.2,0.2,0.2,0.2,0.2,0.2,0.2,0.2,0.2,0.2,0.2,0.2,0.2,0.2,0.2,0.2,0.2,0.2,0.2,0.2,0.2,0.2,0.2,0.2
0.2,0.2,0.2,0.2,0.2,0.2,0.2,0.2,0.2,0.2,0.2,0.2,0.2,0.2,0.2,0.2,0.2,0.2,0.2,0.2,0.2,0.2,0.2,0.2,0.2,0.2,0.2,0.2,0.2,0.2,0.2,0.2,0.2,0.2,0.2,0.2,0.2,0.2,0.2,0.2,0.2,0.2,0.2,0.2,0.2,0.2,0.2,0.2,0.2,0.2,0.2,0.2,0.2,0.2,0.2,0.2,0.2,0.2,0.2,0.2
0.2,0.2,0.2,0.2,0.2,0.2,0.2,0.2,0.2,0.2,0.2,0.2,0.2,0.2,0.2,0.2,0.2,0.2,0.2,0.2,0.2,0.2,0.2,0.2,0.2,0.2,0.2,0.2,0.2,0.2,0.2,0.2,0.2,0.2,0.2,0.2,0.2,0.2,0.2,0.2,0.2,0.2,0.2,0.2,0.2,0.2,0.2,0.2,0.2,0.2,0.2,0.2,0.2,0.2,0.2,0.2,0.2,0.2,0.2,0.2
0.2,0.2,0.2,0.2,0.2,0.2,0.2,0.2,0.2,0.2,0.2,0.2,0.2,0.2,0.2,0.2,0.2,0.2,0.2,0.2,0.2,0.2,0.2,0.2,0.2,0.2,0.2,0.2,0.2,0.2,0.2,0.2,0.2,0.2,0.2,0.2,0.2,0.2,0.2,0.2,0.2,0.2,0.2,0.2,0.2,0.2,0.2,0.2,0.2,0.2,0.2,0.2,0.2,0.2,0.2,0.2,0.2,0.2,0.2,0.2
0.2,0.2,0.2,0.2,0.2,0.2,0.2,0.2,0.2,0.2,0.2,0.2,0.2,0.2,0.2,0.2,0.2,0.2,0.2,0.2,0.2,0.2,0.2,0.2,0.2,0.2,0.2,0.2,0.2,0.2,0.2,0.2,0.2,0.2,0.2,0.2,0.2,0.2,0.2,0.2,0.2,0.2,0.2,0.2,0.2,0.2,0.2,0.2,0.2,0.2,0.2,0.2,0.2,0.2,0.2,0.2,0.2,0.2,0.2,0.2
0.2,0.2,0.2,0.2,0.2,0.2,0.2,0.2,0.2,0.2,0.2,0.2,0.2,0.2,0.2,0.2,0.2,0.2,0.2,0.2,0.2,0.2,0.2,0.2,0.2,0.2,0.2,0.2,0.2,0.2,0.2,0.2,0.2,0.2,0.2,0.2,0.2,0.2,0.2,0.2,0.2,0.2,0.2,0.2,0.2,0.2,0.2,0.2,0.2,0.2,0.2,0.2,0.2,0.2,0.2,0.2,0.2,0.2,0.2,0.2
0.2,0.2,0.2,0.2,0.2,0.2,0.2,0.2,0.2,0.2,0.2,0.2,0.2,0.2,0.2,0.2,0.2,0.2,0.2,0.2,0.2,0.2,0.2,0.2,0.2,0.2,0.2,0.2,0.2,0.2,0.2,0.2,0.2,0.2,0.2,0.2,0.2,0.2,0.2,0.2,0.2,0.2,0.2,0.2,0.2,0.2,0.2,0.2,0.2,0.2,0.2,0.2,0.2,0.2,0.2,0.2,0.2,0.2,0.2,0.2
0.2,0.2,0.2,0.2,0.2,0.2,0.2,0.2,0.2,0.2,0.2,0.2,0.2,0.2,0.2,0.2,0.2,0.2,0.2,0.2,0.2,0.2,0.2,0.2,0.2,0.2,0.2,0.2,0.2,0.2,0.2,0.2,0.2,0.2,0.2,0.2,0.2,0.2,0.2,0.2,0.2,0.2,0.2,0.2,0.2,0.2,0.2,0.2,0.2,0.2,0.2,0.2,0.2,0.2,0.2,0.2,0.2,0.2,0.2,0.2
0.2,0.2,0.2,0.2,0.2,0.2,0.2,0.2,0.2,0.2,0.2,0.2,0.2,0.2,0.2,0.2,0.2,0.2,0.2,0.2,0.2,0.2,0.2,0.2,0.2,0.2,0.2,0.2,0.2,0.2,0.2,0.2,0.2,0.2,0.2,0.2,0.2,0.2,0.2,0.2,0.2,0.2,0.2,0.2,0.2,0.2,0.2,0.2,0.2,0.2,0.2,0.2,0.2,0.2,0.2,0.2,0.2,0.2,0.2,0.2
0.2,0.2,0.2,0.2,0.2,0.2,0.2,0.2,0.2,0.2,0.2,0.2,0.2,0.2,0.2,0.2,0.2,0.2,0.2,0.2,0.2,0.2,0.2,0.2,0.2,0.2,0.2,0.2,0.2,0.2,0.2,0.2,0.2,0.2,0.2,0.2,0.2,0.2,0.2,0.2,0.2,0.2,0.2,0.2,0.2,0.2,0.2,0.2,0.2,0.2,0.2,0.2,0.2,0.2,0.2,0.2,0.2,0.2,0.2,0.2
0.2,0.2,0.2,0.2,0.2,0.2,0.2,0.2,0.2,0.2,0.2,0.2,0.2,0.2,0.2,0.2,0.2,0.2,0.2,0.2,0.2,0.2,0.2,0.2,0.2,0.2,0.2,0.2,0.2,0.2,0.2,0.2,0.2,0.2,0.2,0.2,0.2,0.2,0.2,0.2,0.2,0.2,0.2,0.2,0.2,0.2,0.2,0.2,0.2,0.2,0.2,0.2,0.2,0.2,0.2,0.2,0.2,0.2,0.2,0.2
0.2,0.2,0.2,0.2,0.2,0.2,0.2,0.2,0.2,0.2,0.2,0.2,0.2,0.2,0.2,0.2,0.2,0.2,0.2,0.2,0.2,0.2,0.2,0.2,0.2,0.2,0.2,0.2,0.2,0.2,0.2,0.2,0.2,0.2,0.2,0.2,0.2,0.2,0.2,0.2,0.2,0.2,0.2,0.2,0.2,0.2,0.2,0.2,0.2,0.2,0.2,0.2,0.2,0.2,0.2,0.2,0.2,0.2,0.2,0.2
0.2,0.2,0.2,0.2,0.2,0.2,0.2,0.2,0.2,0.2,0.2,0.2,0.2,0.2,0.2,0.2,0.2,0.2,0.2,0.2,0.2,0.2,0.2,0.2,0.2,0.2,0.2,0.2,0.2,0.2,0.2,0.2,0.2,0.2,0.2,0.2,0.2,0.2,0.2,0.2,0.2,0.2,0.2,0.2,0.2,0.2,0.2,0.2,0.2,0.2,0.2,0.2,0.2,0.2,0.2,0.2,0.2,0.2,0.2,0.2
0.2,0.2,0.2,0.2,0.2,0.2,0.2,0.2,0.2,0.2,0.2,0.2,0.2,0.2,0.2,0.2,0.2,0.2,0.2,0.2,0.2,0.2,0.2,0.2,0.2,0.2,0.2,0.2,0.2,0.2,0.2,0.2,0.2,0.2,0.2,0.2,0.2,0.2,0.2,0.2,0.2,0.2,0.2,0.2,0.2,0.2,0.2,0.2,0.2,0.2,0.2,0.2,0.2,0.2,0.2,0.2,0.2,0.2,0.2,0.2
0.2,0.2,0.2,0.2,0.2,0.2,0.2,0.2,0.2,0.2,0.2,0.2,0.2,0.2,0.2,0.2,0.2,0.2,0.2,0.2,0.2,0.2,0.2,0.2,0.2,0.2,0.2,0.2,0.2,0.2,0.2,0.2,0.2,0.2,0.2,0.2,0.2,0.2,0.2,0.2,0.2,0.2,0.2,0.2,0.2,0.2,0.2,0.2,0.2,0.2,0.2,0.2,0.2,0.2,0.2,0.2,0.2,0.2,0.2,0.2
0.2,0.2,0.2,0.2,0.2,0.2,0.2,0.2,0.2,0.2,0.2,0.2,0.2,0.2,0.2,0.2,0.2,0.2,0.2,0.2,0.2,0.2,0.2,0.2,0.2,0.2,0.2,0.2,0.2,0.2,0.2,0.2,0.2,0.2,0.2,0.2,0.2,0.2,0.2,0.2,0.2,0.2,0.2,0.2,0.2,0.2,0.2,0.2,0.2,0.2,0.2,0.2,0.2,0.2,0.2,0.2,0.2,0.2,0.2,0.2
0.2,0.2,0.2,0.2,0.2,0.2,0.2,0.2,0.2,0.2,0.2,0.2,0.2,0.2,0.2,0.2,0.2,0.2,0.2,0.2,0.2,0.2,0.2,0.2,0.2,0.2,0.2,0.2,0.2,0.2,0.2,0.2,0.2,0.2,0.2,0.2,0.2,0.2,0.2,0.2,0.2,0.2,0.2,0.2,0.2,0.2,0.2,0.2,0.2,0.2,0.2,0.2,0.2,0.2,0.2,0.2,0.2,0.2,0.2,0.2
0.2,0.2,0.2,0.2,0.2,0.2,0.2,0.2,0.2,0.2,0.2,0.2,0.2,0.2,0.2,0.2,0.2,0.2,0.2,0.2,0.2,0.2,0.2,0.2,0.2,0.2,0.2,0.2,0.2,0.2,0.2,0.2,0.2,0.2,0.2,0.2,0.2,0.2,0.2,0.2,0.2,0.2,0.2,0.2,0.2,0.2,0.2,0.2,0.2,0.2,0.2,0.2,0.2,0.2,0.2,0.2,0.2,0.2,0.2,0.2
0.2,0.2,0.2,0.2,0.2,0.2,0.2,0.2,0.2,0.2,0.2,0.2,0.2,0.2,0.2,0.2,0.2,0.2,0.2,0.2,0.2,0.2,0.2,0.2,0.2,0.2,0.2,0.2,0.2,0.2,0.2,0.2,0.2,0.2,0.2,0.2,0.2,0.2,0.2,0.2,0.2,0.2,0.2,0.2,0.2,0.2,0.2,0.2,0.2,0.2,0.2,0.2,0.2,0.2,0.2,0.2,0.2,0.2,0.2,0.2
0.2,0.2,0.2,0.2,0.2,0.2,0.2,0.2,0.2,0.2,0.2,0.2,0.2,0.2,0.2,0.2,0.2,0.2,0.2,0.2,0.2,0.2,0.2,0.2,0.2,0.2,0.2,0.2,0.2,0.2,0.2,0.2,0.2,0.2,0.2,0.2,0.2,0.2,0.2,0.2,0.2,0.2,0.2,0.2,0.2,0.2,0.2,0.2,0.2,0.2,0.2,0.2,0.2,0.2,0.2,0.2,0.2,0.2,0.2,0.2
0.2,0.2,0.2,0.2,0.2,0.2,0.2,0.2,0.2,0.2,0.2,0.2,0.2,0.2,0.2,0.2,0.2,0.2,0.2,0.2,0.2,0.2,0.2,0.2,0.2,0.2,0.2,0.2,0.2,0.2,0.2,0.2,0.2,0.2,0.2,0.2,0.2,0.2,0.2,0.2,0.2,0.2,0.2,0.2,0.2,0.2,0.2,0.2,0.2,0.2,0.2,0.2,0.2,0.2,0.2,0.2,0.2,0.2,0.2,0.2
0.2,0.2,0.2,0.2,0.2,0.2,0.2,0.2,0.2,0.2,0.2,0.2,0.2,0.2,0.2,0.2,0.2,0.2,0.2,0.2,0.2,0.2,0.2,0.2,0.2,0.2,0.2,0.2,0.2,0.2,0.2,0.2,0.2,0.2,0.2,0.2,0.2,0.2,0.2,0.2,0.2,0.2,0.2,0.2,0.2,0.2,0.2,0.2,0.2,0.2,0.2,0.2,0.2,0.2,0.2,0.2,0.2,0.2,0.2,0.2
0.2,0.2,0.2,0.2,0.2,0.2,0.2,0.2,0.2,0.2,0.2,0.2,0.2,0.2,0.2,0.2,0.2,0.2,0.2,0.2,0.2,0.2,0.2,0.2,0.2,0.2,0.2,0.2,0.2,0.2,0.2,0.2,0.2,0.2,0.2,0.2,0.2,0.2,0.2,0.2,0.2,0.2,0.2,0.2,0.2,0.2,0.2,0.2,0.2,0.2,0.2,0.2,0.2,0.2,0.2,0.2,0.2,0.2,0.2,0.2
0.2,0.2,0.2,0.2,0.2,0.2,0.2,0.2,0.2,0.2,0.2,0.2,0.2,0.2,0.2,0.2,0.2,0.2,0.2,0.2,0.2,0.2,0.2,0.2,0.2,0.2,0.2,0.2,0.2,0.2,0.2,0.2,0.2,0.2,0.2,0.2,0.2,0.2,0.2,0.2,0.2,0.2,0.2,0.2,0.2,0.2,0.2,0.2,0.2,0.2,0.2,0.2,0.2,0.2,0.2,0.2,0.2,0.2,0.2,0.2
0.2,0.2,0.2,0.2,0.2,0.2,0.2,0.2,0.2,0.2,0.2,0.2,0.2,0.2,0.2,0.2,0.2,0.2,0.2,0.2,0.2,0.2,0.2,0.2,0.2,0.2,0.2,0.2,0.2,0.2,0.2,0.2,0.2,0.2,0.2,0.2,0.2,0.2,0.2,0.2,0.2,0.2,0.2,0.2,0.2,0.2,0.2,0.2,0.2,0.2,0.2,0.2,0.2,0.2,0.2,0.2,0.2,0.2,0.2,0.2
0.2,0.2,0.2,0.2,0.2,0.2,0.2,0.2,0.2,0.2,0.2,0.2,0.2,0.2,0.2,0.2,0.2,0.2,0.2,0.2,0.2,0.2,0.2,0.2,0.2,0.2,0.2,0.2,0.2,0.2,0.2,0.2,0.2,0.2,0.2,0.2,0.2,0.2,0.2,0.2,0.2,0.2,0.2,0.2,0.2,0.2,0.2,0.2,0.2,0.2,0.2,0.2,0.2,0.2,0.2,0.2,0.2,0.2,0.2,0.2
0.2,0.2,0.2,0.2,0.2,0.2,0.2,0.2,0.2,0.2,0.2,0.2,0.2,0.2,0.2,0.2,0.2,0.2,0.2,0.2,0.2,0.2,0.2,0.2,0.2,0.2,0.2,0.2,0.2,0.2,0.2,0.2,0.2,0.2,0.2,0.2,0.2,0.2,0.2,0.2,0.2,0.2,0.2,0.2,0.2,0.2,0.2,0.2,0.2,0.2,0.2,0.2,0.2,0.2,0.2,0.2,0.2,0.2,0.2,0.2
0.2,0.2,0.2,0.2,0.2,0.2,0.2,0.2,0.2,0.2,0.2,0.2,0.2,0.2,0.2,0.2,0.2,0.2,0.2,0.2,0.2,0.2,0.2,0.2,0.2,0.2,0.2,0.2,0.2,0.2,0.2,0.2,0.2,0.2,0.2,0.2,0.2,0.2,0.2,0.2,0.2,0.2,0.2,0.2,0.2,0.2,0.2,0.2,0.2,0.2,0.2,0.2,0.2,0.2,0.2,0.2,0.2,0.2,0.2,0.2
0.2,0.2,0.2,0.2,0.2,0.2,0.2,0.2,0.2,0.2,0.2,0.2,0.2,0.2,0.2,0.2,0.2,0.2,0.2,0.2,0.2,0.2,0.2,0.2,0.2,0.2,0.2,0.2,0.2,0.2,0.2,0.2,0.2,0.2,0.2,0.2,0.2,0.2,0.2,0.2,0.2,0.2,0.2,0.2,0.2,0.2,0.2,0.2,0.2,0.2,0.2,0.2,0.2,0.2,0.2,0.2,0.2,0.2,0.2,0.2
0.2,0.2,0.2,0.2,0.2,0.2,0.2,0.2,0.2,0.2,0.2,0.2,0.2,0.2,0.2,0.2,0.2,0.2,0.2,0.2,0.2,0.2,0.2,0.2,0.2,0.2,0.2,0.2,0.2,0.2,0.2,0.2,0.2,0.2,0.2,0.2,0.2,0.2,0.2,0.2,0.2,0.2,0.2,0.2,0.2,0.2,0.2,0.2,0.2,0.2,0.2,0.2,0.2,0.2,0.2,0.2,0.2,0.2,0.2,0.2
